-- phpMyAdmin SQL Dump
-- version 5.2.0
-- https://www.phpmyadmin.net/
--
-- Host: database
-- Generation Time: Nov 28, 2022 at 01:14 PM
-- Server version: 10.9.3-MariaDB-1:10.9.3+maria~ubu2204
-- PHP Version: 8.0.24

SET SQL_MODE = "NO_AUTO_VALUE_ON_ZERO";
START TRANSACTION;
SET time_zone = "+00:00";


/*!40101 SET @OLD_CHARACTER_SET_CLIENT=@@CHARACTER_SET_CLIENT */;
/*!40101 SET @OLD_CHARACTER_SET_RESULTS=@@CHARACTER_SET_RESULTS */;
/*!40101 SET @OLD_COLLATION_CONNECTION=@@COLLATION_CONNECTION */;
/*!40101 SET NAMES utf8mb4 */;

--
-- Database: `borrow`
--

-- --------------------------------------------------------

--
-- Table structure for table `item`
--

CREATE TABLE `item` (
  `id` int(11) NOT NULL,
  `name` varchar(200) NOT NULL,
  `type` int(1) NOT NULL DEFAULT 1,
  `reference` int(11) NOT NULL,
  `unit` varchar(50) NOT NULL,
  `status` int(1) NOT NULL DEFAULT 1,
  `updated` datetime DEFAULT NULL,
  `created` timestamp NOT NULL DEFAULT current_timestamp()
) ENGINE=InnoDB DEFAULT CHARSET=utf8mb4;

--
-- Dumping data for table `item`
--

INSERT INTO `item` (`id`, `name`, `type`, `reference`, `unit`, `status`, `updated`, `created`) VALUES
(1, 'กลุ่มรถอำนวยการ', 1, 0, '', 1, NULL, '2022-11-17 08:51:00'),
(2, 'กลุ่มรถบรรทุกขนาดเล็ก', 1, 0, '', 1, NULL, '2022-11-17 08:51:00'),
(3, 'กลุ่มรถบรรทุกขนาดใหญ่', 1, 0, '', 1, NULL, '2022-11-17 08:51:00'),
(4, 'กลุ่มรถบริการน้ำมัน', 1, 0, '', 1, NULL, '2022-11-17 08:51:00'),
(5, 'กลุ่มรถบรรทุกน้ำ', 1, 0, '', 1, NULL, '2022-11-17 08:51:00'),
(6, 'กลุ่มรถบรรทุกเทท้าย', 1, 0, '', 1, NULL, '2022-11-17 08:51:00'),
(7, 'กลุ่มรถบรรทุกขนาดใหญ่ติดตั้งเครน', 1, 0, '', 1, NULL, '2022-11-17 08:51:00'),
(8, 'กลุ่มรถตู้คอนเทนเนอร์', 1, 0, '', 1, NULL, '2022-11-17 08:51:00'),
(9, 'กลุ่มรถหัวลาก', 1, 0, '', 1, NULL, '2022-11-17 08:51:00'),
(10, 'กลุ่มรถแทรคเตอร์ตีนตะขาบขนาดใหญ่', 1, 0, '', 1, NULL, '2022-11-17 08:51:00'),
(11, 'กลุ่มรถแทรคเตอร์ตีนตะขาบขนาดกลาง', 1, 0, '', 1, NULL, '2022-11-17 08:51:00'),
(12, 'กลุ่มรถอุปโภคและบริโภค', 1, 0, '', 1, NULL, '2022-11-17 08:51:00'),
(13, 'กลุ่มรถแทรคเตอร์ล้อยาง', 1, 0, '', 1, NULL, '2022-11-17 08:51:00'),
(15, 'กลุ่มรถตัก', 1, 0, '', 1, NULL, '2022-11-17 08:51:00'),
(16, 'กลุ่มรถเกลี่ยดิน', 1, 0, '', 1, NULL, '2022-11-17 08:51:00'),
(18, 'กลุ่มรถบดล้อยาง', 1, 0, '', 1, NULL, '2022-11-17 08:51:00'),
(19, 'กลุ่มรถบดล้อเหล็ก', 1, 0, '', 1, NULL, '2022-11-17 08:51:00'),
(20, 'กลุ่มรถบดตีนแกะ', 1, 0, '', 1, NULL, '2022-11-17 08:51:00'),
(21, 'กลุ่มรถเครน', 1, 0, '', 1, NULL, '2022-11-17 08:51:00'),
(22, 'กลุ่มผสมคอนกรีต', 1, 0, '', 1, NULL, '2022-11-17 08:51:00'),
(23, 'กลุ่มเครื่องบดอัด', 1, 0, '', 1, NULL, '2022-11-17 08:51:00'),
(24, 'กลุ่มเครื่องเจาะ', 1, 0, '', 1, NULL, '2022-11-17 08:51:00'),
(25, 'กลุ่มเครื่องสูบน้ำ', 1, 0, '', 1, NULL, '2022-11-17 08:51:00'),
(26, 'กลุ่มรถกู้ภัย', 1, 0, '', 1, NULL, '2022-11-17 08:51:00'),
(27, 'กลุ่มรถดับเพลิง', 1, 0, '', 1, NULL, '2022-11-17 08:51:00'),
(28, 'กลุ่มรถผลิตไฟฟ้า', 1, 0, '', 1, NULL, '2022-11-17 08:51:00'),
(29, 'กลุ่มเรือกู้ภัย', 1, 0, '', 1, NULL, '2022-11-17 08:51:00'),
(30, 'กลุ่มหางลากพ่วง', 1, 0, '', 1, NULL, '2022-11-17 08:51:00'),
(31, 'กลุ่มเครื่องยนต์เรือ', 1, 0, '', 1, NULL, '2022-11-17 08:51:00'),
(32, 'กลุ่มอากาศยาน', 1, 0, '', 1, NULL, '2022-11-17 08:51:00'),
(33, 'กลุ่มสะพาน', 1, 0, '', 1, NULL, '2022-11-17 08:51:00'),
(34, 'กลุ่มรถยก', 1, 0, '', 1, NULL, '2022-11-17 08:51:00'),
(35, 'กลุ่มรถขุดตักไฮดรอลิค', 1, 0, '', 1, NULL, '2022-11-17 08:51:00'),
(36, 'กลุ่มเครื่องเจาะบ่อบาดาลแบบหมุน', 1, 0, '', 1, NULL, '2022-11-17 08:51:00'),
(40, 'กลุ่มเครื่องเจาะบ่อน้ำตื้น', 1, 0, '', 1, NULL, '2022-11-17 08:51:00'),
(41, 'กลุ่มรถจักรยานยนต์', 1, 0, '', 1, NULL, '2022-11-17 08:51:00'),
(51, 'กลุ่มเครื่องมือขึ้นรูปโลหะ', 1, 0, '', 1, NULL, '2022-11-17 08:51:00'),
(52, 'กลุ่มเครื่องประจุแบตเตอรี่', 1, 0, '', 1, NULL, '2022-11-17 08:51:00'),
(53, 'กลุ่มเครื่องล้างทำความสะอาด', 1, 0, '', 1, NULL, '2022-11-17 08:51:00'),
(54, 'กลุ่มเครื่องยกไฮดรอลิค', 1, 0, '', 1, NULL, '2022-11-17 08:51:00'),
(55, 'กลุ่มเครื่องมือเจาะ', 1, 0, '', 1, NULL, '2022-11-17 08:51:00'),
(56, 'กลุ่มเครื่องมือวัดและปรับแต่งเครื่องยนต์', 1, 0, '', 1, NULL, '2022-11-17 08:51:00'),
(57, 'กลุ่มเครื่องตัดเหล็ก', 1, 0, '', 1, NULL, '2022-11-17 08:51:00'),
(58, 'กลุ่มเครื่องกำเนิดไฟฟ้า', 1, 0, '', 1, NULL, '2022-11-17 08:51:00'),
(59, 'กลุ่มเครื่องเจียรนัย', 1, 0, '', 1, NULL, '2022-11-17 08:51:00'),
(60, 'กลุ่มเครื่องมือปรับแต่งกระบอกสูบ/ลูกสูบ', 1, 0, '', 1, NULL, '2022-11-17 08:51:00'),
(61, 'กลุ่มประแจกระแทก', 1, 0, '', 1, NULL, '2022-11-17 08:51:00'),
(62, 'กลุ่มเครื่องมือหัวฉีด', 1, 0, '', 1, NULL, '2022-11-17 08:51:00'),
(63, 'กลุ่มแม่แรง', 1, 0, '', 1, NULL, '2022-11-17 08:51:00'),
(64, 'กลุ่มเครื่องกลึง', 1, 0, '', 1, NULL, '2022-11-17 08:51:00'),
(65, 'กลุ่มเครื่องวัดไฟฟ้า', 1, 0, '', 1, NULL, '2022-11-17 08:51:00'),
(66, 'กลุ่มเครื่องอัด', 1, 0, '', 1, NULL, '2022-11-17 08:51:00'),
(67, 'กลุ่มรอกโซ่', 1, 0, '', 1, NULL, '2022-11-17 08:51:00'),
(68, 'กลุ่มปากกาจับ', 1, 0, '', 1, NULL, '2022-11-17 08:51:00'),
(69, 'กลุ่มเครื่องเชื่อม', 1, 0, '', 1, NULL, '2022-11-17 08:51:00'),
(70, 'กลุ่มเครื่องมือประจำโรงซ่อม', 1, 0, '', 1, NULL, '2022-11-17 08:51:00'),
(71, 'กลุ่มเครื่องมือทำเกลียว', 1, 0, '', 1, NULL, '2022-11-17 08:51:00'),
(72, 'กลุ่มเลื่อยประจำโรงซ่อม', 1, 0, '', 1, NULL, '2022-11-17 08:51:00'),
(73, 'กลุ่มเครื่องไส', 1, 0, '', 1, NULL, '2022-11-17 08:51:00'),
(74, 'กลุ่มเครื่องมือชุดถอด-ประกอบบู๊ช', 1, 0, '', 1, NULL, '2022-11-17 08:51:00'),
(75, 'กลุ่มชุดบริการหล่อลื่นและบำรุงรักษาเครื่องจักรกล', 1, 0, '', 1, NULL, '2022-11-17 08:51:00'),
(76, 'กลุ่มเครื่องอัดอากาศ', 1, 0, '', 1, NULL, '2022-11-17 08:51:00'),
(77, 'กลุ่มเครื่องทำความสะอาดหัวเทียน', 1, 0, '', 1, NULL, '2022-11-17 08:51:00'),
(78, 'กลุ่มเครื่องมือตัดประจำโรงซ่อม', 1, 0, '', 1, NULL, '2022-11-17 08:51:00'),
(79, 'กลุ่มเครื่องมือสีรถ', 1, 0, '', 1, NULL, '2022-11-17 08:51:00'),
(80, 'กลุ่มเครื่องมือชุดบัดกรี', 1, 0, '', 1, NULL, '2022-11-17 08:51:00'),
(81, 'กลุ่มเครื่องทดสอบสปริง', 1, 0, '', 1, NULL, '2022-11-17 08:51:00'),
(82, 'กลุ่มวิทยุรับ-ส่ง', 1, 0, '', 1, NULL, '2022-11-17 08:51:00'),
(83, 'กลุ่มเครื่องมือชุดดูดอุปกรณ์', 1, 0, '', 1, NULL, '2022-11-17 08:51:00'),
(84, 'กลุ่มเครื่องมือตรวจสอบมอเตอร์', 1, 0, '', 1, NULL, '2022-11-17 08:51:00'),
(85, 'กลุ่มเครื่องมือเครื่องปรับอากาศ ', 1, 0, '', 1, NULL, '2022-11-17 08:51:00'),
(86, 'กลุ่มเครื่องมือระบบไฮดรอลิค', 1, 0, '', 1, NULL, '2022-11-17 08:51:00'),
(87, 'กลุ่มเครื่องมือวัดระยะ', 1, 0, '', 1, NULL, '2022-11-17 08:51:00'),
(88, 'กลุ่มแท่นติดตั้งซ่อมเครื่องจักรกล', 1, 0, '', 1, NULL, '2022-11-17 08:51:00'),
(89, 'กลุ่มเครื่องมือจัดการคอนกรีต', 1, 0, '', 1, NULL, '2022-11-17 08:51:00'),
(90, 'กลุ่มเครื่องมือซ่อมบ่อบาดาล', 1, 0, '', 1, NULL, '2022-11-17 08:51:00'),
(91, 'กลุ่มถังน้ำมัน ', 1, 0, '', 1, NULL, '2022-11-17 08:51:00'),
(92, 'กลุ่มอุปกรณ์การเจาะ', 1, 0, '', 1, NULL, '2022-11-17 08:51:00'),
(93, 'กลุ่มเครื่องมือซ่อมล้อรถ', 1, 0, '', 1, NULL, '2022-11-17 08:51:00'),
(94, 'กลุ่มเครื่องมือทดสอบแรงม้า', 1, 0, '', 1, NULL, '2022-11-17 08:51:00'),
(95, 'กลุ่มเตาอบชุบโลหะ', 1, 0, '', 1, NULL, '2022-11-17 08:51:00'),
(96, 'กลุ่มเครื่องกัดเซาะโลหะ', 1, 0, '', 1, NULL, '2022-11-17 08:51:00'),
(97, 'กลุ่มเครื่องพับเหล็ก', 1, 0, '', 1, NULL, '2022-11-17 08:51:00'),
(98, 'กลุ่มเครื่องดัดท่อ', 1, 0, '', 1, NULL, '2022-11-17 08:51:00'),
(121, 'กลุ่มชุดโคมไฟฟ้าส่องสว่าง', 1, 0, '', 1, NULL, '2022-11-17 08:51:00'),
(122, 'กลุ่มเครื่องตัดหญ้า ', 1, 0, '', 1, NULL, '2022-11-17 08:51:00'),
(123, 'กลุ่มเครื่องดูด/เป่า ', 1, 0, '', 1, NULL, '2022-11-17 08:51:00'),
(124, 'กลุ่มอุปกรณ์กู้ชีพ', 1, 0, '', 1, NULL, '2022-11-17 08:51:00'),
(125, 'กลุ่มอุปกรณ์ป้องกันส่วนบุคคล', 1, 0, '', 1, NULL, '2022-11-17 08:51:00'),
(126, 'กลุ่มอุปกรณ์เจาะ ตัด ทำลาย', 1, 0, '', 1, NULL, '2022-11-17 08:51:00'),
(127, 'กลุ่มเครื่องตัดถ่างค้ำยัน', 1, 0, '', 1, NULL, '2022-11-17 08:51:00'),
(128, 'กลุ่มชุดเครื่องช่วยหายใจ ', 1, 0, '', 1, NULL, '2022-11-17 08:51:00'),
(129, 'กลุ่มเครื่องอัดอากาศบริสุทธิ์ ', 1, 0, '', 1, NULL, '2022-11-17 08:51:00'),
(130, 'กลุ่มอุปกรณ์ประชาสัมพันธ์', 1, 0, '', 1, NULL, '2022-11-17 08:51:00'),
(131, 'กลุ่มเครื่องมือดับเพลิง', 1, 0, '', 1, NULL, '2022-11-17 08:51:00'),
(132, 'รถจี๊ป', 2, 1, 'คัน', 1, NULL, '2022-11-17 08:51:00'),
(133, 'รถตรวจการณ์', 2, 1, 'คัน', 1, NULL, '2022-11-17 08:51:00'),
(134, 'รถยนต์เก๋ง', 2, 1, 'คัน', 1, NULL, '2022-11-17 08:51:00'),
(135, 'รถอำนวยการสื่อสาร', 2, 1, 'คัน', 1, NULL, '2022-11-17 08:51:00'),
(136, 'รถตรวจการณ์สมรรถนะสูง ขับเคลื่อน 4 ล้อ', 2, 1, 'คัน', 1, NULL, '2022-11-17 08:51:00'),
(137, 'รถบัญชาการเหตุการณ์', 2, 1, 'คัน', 1, NULL, '2022-11-17 08:51:00'),
(138, 'รถบรรทุกขนาดเล็ก แบบที่นั่งตอนเดียว', 2, 2, 'คัน', 1, NULL, '2022-11-17 08:51:00'),
(139, 'รถบรรทุกขนาดเล็ก แบบที่นั่งตอนครึ่ง', 2, 2, 'คัน', 1, NULL, '2022-11-17 08:51:00'),
(140, 'รถบรรทุกขนาดเล็ก แบบที่นั่ง 2 ตอน', 2, 2, 'คัน', 1, NULL, '2022-11-17 08:51:00'),
(141, 'รถโดยสารขนาดเล็ก (รถตู้ ขนาด 9 – 15 ที่นั่ง)', 2, 2, 'คัน', 1, NULL, '2022-11-17 08:51:00'),
(142, 'รถพยาบาล', 2, 2, 'คัน', 1, NULL, '2022-11-17 08:51:00'),
(143, 'รถตู้เอนกประสงค์', 2, 2, 'คัน', 1, NULL, '2022-11-17 08:51:00'),
(144, 'รถบรรทุกขยะขนาดเล็ก', 2, 2, 'คัน', 1, NULL, '2022-11-17 08:51:00'),
(145, 'รถบรรทุกขนาดเล็ก ขับเคลื่อน 4 ล้อ แบบที่นั่งตอนเดียว (4x4)', 2, 2, 'คัน', 1, NULL, '2022-11-17 08:51:00'),
(146, 'รถบรรทุกขนาดเล็ก ขับเคลื่อน 4 ล้อ แบบที่นั่งตอนครึ่ง (4x4)', 2, 2, 'คัน', 1, NULL, '2022-11-17 08:51:00'),
(147, 'รถบรรทุกขนาดเล็ก ขับเคลื่อน 4 ล้อ แบบที่นั่ง 2 ตอน (4x4)', 2, 2, 'คัน', 1, NULL, '2022-11-17 08:51:00'),
(148, 'รถบรรทุกขนาดใหญ่ ขนาด 6 ตัน 6 ล้อ', 2, 3, 'คัน', 1, NULL, '2022-11-17 08:51:00'),
(149, 'รถบรรทุกขนาดใหญ่ ขนาด 12 ตัน 10 ล้อ', 2, 3, 'คัน', 1, NULL, '2022-11-17 08:51:00'),
(150, 'รถบรรทุกขนาดกลาง ขนาด 4 ตัน 4 ล้อ หรือ 6 ล้อ', 2, 3, 'คัน', 1, NULL, '2022-11-17 08:51:00'),
(151, 'รถบรรทุกขนาดใหญ่ติดตั้งตู้เก็บโสตทัศนูปกรณ์', 2, 3, 'คัน', 1, NULL, '2022-11-17 08:51:00'),
(152, 'รถโดยสารขนาดใหญ่', 2, 3, 'คัน', 1, NULL, '2022-11-17 08:51:00'),
(153, 'รถบรรทุกเอนกประสงค์', 2, 3, 'คัน', 1, NULL, '2022-11-17 08:51:00'),
(154, 'รถบรรทุกติดตั้งเครื่องเจาะบ่อบาดาลแบบหมุน ', 2, 3, 'คัน', 1, NULL, '2022-11-17 08:51:00'),
(155, 'รถบรรทุกติดตั้งเครื่องเจาะบ่อบาดาลแบบกระแทก ', 2, 3, 'คัน', 1, NULL, '2022-11-17 08:51:00'),
(156, 'รถบรรทุกติดตั้งเครื่องเจาะบ่อน้ำตื้น ', 2, 3, 'คัน', 1, NULL, '2022-11-17 08:51:00'),
(157, 'รถบรรทุกติดตั้งเครื่องอัดอากาศขนาดใหญ่ ', 2, 3, 'คัน', 1, NULL, '2022-11-17 08:51:00'),
(158, 'รถปฏิบัติการบรรเทาอุทกภัย พร้อมเครื่องสูบน้ำขนาดใหญ่ ', 2, 3, 'คัน', 1, NULL, '2022-11-17 08:51:00'),
(159, 'รถบรรทุกติดตั้งเครื่องสูบน้ำระยะไกล ', 2, 3, 'คัน', 1, NULL, '2022-11-17 08:51:00'),
(160, 'รถบรรทุกติดตั้งชุดสูบน้ำท่วม/ขัง', 2, 3, 'คัน', 1, NULL, '2022-11-17 08:51:00'),
(161, 'รถปฏิบัติการเคลื่อนย้ายผู้ประสบภัยพร้อมอุปกรณ์', 2, 3, 'คัน', 1, NULL, '2022-11-17 08:51:00'),
(162, 'รถสูบส่งน้ำ ไม่น้อยกว่า 35,000 ลิตร/นาที และส่งน้ำระยะไกลไม่น้อยกว่า 10 กิโลเมตร พร้อมอุปกรณ์', 2, 3, 'คัน', 1, NULL, '2022-11-17 08:51:00'),
(163, 'รถสูบน้ำกู้ภัยเคลื่อนที่สมรรถนะสูง แบบโมบายยูนิต พร้อมอุปกรณ์ ', 2, 3, 'คัน', 1, NULL, '2022-11-17 08:51:00'),
(164, 'รถบริการน้ำมันหล่อลื่น ขนาด 2 – 4 ตัน 4 ล้อหรือ 6 ล้อ', 2, 4, 'คัน', 1, NULL, '2022-11-17 08:51:00'),
(165, 'รถบริการหล่อลื่นและซ่อมบำรุงเครื่องจักรกล', 2, 4, 'คัน', 1, NULL, '2022-11-17 08:51:00'),
(166, 'รถบรรทุกน้ำ ขนาด 20,000 ลิตร', 2, 5, 'คัน', 1, NULL, '2022-11-17 08:51:00'),
(167, 'รถบรรทุกน้ำ ขนาด 12,000 ลิตร', 2, 5, 'คัน', 1, NULL, '2022-11-17 08:51:00'),
(168, 'รถบรรทุกน้ำมันเชื้อเพลิง ขนาด 6,000 ลิตร', 2, 5, 'คัน', 1, NULL, '2022-11-17 08:51:00'),
(169, 'รถผลิตน้ำดื่ม', 2, 5, 'คัน', 1, NULL, '2022-11-17 08:51:00'),
(170, 'รถบรรทุกน้ำ ขนาด 10,000 ลิตร', 2, 5, 'คัน', 1, NULL, '2022-11-17 08:51:00'),
(171, 'รถบรรทุกน้ำมันเชื้อเพลิงอากาศยาน ขนาด 12,000 ลิตร', 2, 5, 'คัน', 1, NULL, '2022-11-17 08:51:00'),
(172, 'รถบรรทุกเทท้าย ขนาด 6 ตัน 6 ล้อ', 2, 6, 'คัน', 1, NULL, '2022-11-17 08:51:00'),
(173, 'รถบรรทุกเทท้าย ขนาด 12 ตัน 10 ล้อ', 2, 6, 'คัน', 1, NULL, '2022-11-17 08:51:00'),
(174, 'รถบรรทุกเทท้าย แบบมีขอเกี่ยวยกกระบะ', 2, 6, 'คัน', 1, NULL, '2022-11-17 08:51:00'),
(175, 'รถบรรทุกขนาดใหญ่ ขนาด 6 ตัน 6 ล้อติดตั้งเครน ขนาดน้อยกว่า 6 ตัน', 2, 7, 'คัน', 1, NULL, '2022-11-17 08:51:00'),
(176, 'รถบรรทุกขนาดใหญ่ ขนาด 6 ตัน 6 ล้อติดตั้งเครื่องยกพัฒนาบ่อบาดาล', 2, 7, 'คัน', 1, NULL, '2022-11-17 08:51:00'),
(177, 'รถบรรทุกขนาดใหญ่ ขนาด 12 ตัน 10 ล้อติดตั้งเครน ขนาด 6 ตันขึ้นไป', 2, 7, 'คัน', 1, NULL, '2022-11-17 08:51:00'),
(178, 'รถบริการซ่อมเคลื่อนที่เร็ว', 2, 8, 'คัน', 1, NULL, '2022-11-17 08:51:00'),
(179, 'รถบรรทุก แบบตู้คอนเทนเนอร์เอนกประสงค์', 2, 8, 'คัน', 1, NULL, '2022-11-17 08:51:00'),
(180, 'รถบรรทุกขนาดเล็ก แบบตู้คอนเทนเนอร์ ', 2, 8, 'คัน', 1, NULL, '2022-11-17 08:51:00'),
(181, 'รถหัวลาก', 2, 9, 'คัน', 1, NULL, '2022-11-17 08:51:00'),
(182, 'รถบรรทุกกระบะขนย้ายเครื่องจักรกล ขนาด 12 ตัน 10 ล้อ', 2, 9, 'คัน', 1, NULL, '2022-11-17 08:51:00'),
(183, 'รถหัวลากขนาดเล็กแบบ 4X4 ', 2, 9, 'คัน', 1, NULL, '2022-11-17 08:51:00'),
(184, 'รถลากอากาศยาน', 2, 9, 'คัน', 1, NULL, '2022-11-17 08:51:00'),
(185, 'รถแทรคเตอร์ตีนตะขาบ ขนาดใหญ่ ขนาด 150 แรงม้าขึ้นไป', 2, 10, 'คัน', 1, NULL, '2022-11-17 08:51:00'),
(186, 'รถแทรคเตอร์ตีนตะขาบ ขนาดใหญ่ แบบ LGP ขนาด 150 แรงม้าขึ้นไป', 2, 10, 'คัน', 1, NULL, '2022-11-17 08:51:00'),
(187, 'รถแทรคเตอร์ตีนตะขาบ ขนาดกลาง ขนาดต่ำกว่า 150 แรงม้า', 2, 11, 'คัน', 1, NULL, '2022-11-17 08:51:00'),
(188, 'รถแทรคเตอร์ตีนตะขาบ ขนาดกลาง แบบ LGP ขนาดต่ำกว่า 150 แรงม้า', 2, 11, 'คัน', 1, NULL, '2022-11-17 08:51:00'),
(189, 'รถประกอบอาหารพร้อมอุปกรณ์', 2, 12, 'คัน', 1, NULL, '2022-11-17 08:51:00'),
(190, 'รถแทรคเตอร์ล้อยาง', 2, 13, 'คัน', 1, NULL, '2022-11-17 08:51:00'),
(191, 'รถแทรคเตอร์ล้อยาง แบบขับเคลื่อน 4 ล้อ', 2, 13, 'คัน', 1, NULL, '2022-11-17 08:51:00'),
(192, 'รถตักล้อยาง', 2, 15, 'คัน', 1, NULL, '2022-11-17 08:51:00'),
(193, 'รถตักตีนตะขาบ', 2, 15, 'คัน', 1, NULL, '2022-11-17 08:51:00'),
(194, 'รถตักหน้าขุดหลัง', 2, 15, 'คัน', 1, NULL, '2022-11-17 08:51:00'),
(195, 'รถตักล้อยางอเนกประสงค์ แบบบังคับเลี้ยว 4 ล้อ', 2, 15, 'คัน', 1, NULL, '2022-11-17 08:51:00'),
(196, 'รถเกลี่ยดิน ขนาดใหญ่ ขนาด 125 แรงม้าขึ้นไป', 2, 16, 'คัน', 1, NULL, '2022-11-17 08:51:00'),
(197, 'รถเกลี่ยดิน ขนาดกลาง ขนาดต่ำกว่า 125 แรงม้า', 2, 16, 'คัน', 1, NULL, '2022-11-17 08:51:00'),
(198, 'รถบดล้อยางแบบขับเคลื่อนด้วยตัวเอง', 2, 18, 'คัน', 1, NULL, '2022-11-17 08:51:00'),
(199, 'ล้อยางบดถนนแบบลากพ่วง', 2, 18, '', 1, NULL, '2022-11-17 08:51:00'),
(200, 'รถบดล้อเหล็กขับเคลื่อนด้วยตัวเอง ขนาด 4 ตัน ขึ้นไป', 2, 19, 'คัน', 1, NULL, '2022-11-17 08:51:00'),
(201, 'รถบดล้อเหล็กขับเคลื่อนด้วยตัวเอง ขนาดต่ำกว่า 4 ตัน', 2, 19, 'คัน', 1, NULL, '2022-11-17 08:51:00'),
(202, 'ลูกกลิ้งล้อเหล็กบดถนน แบบเดินตาม/แบบลากพ่วง', 2, 19, '', 1, NULL, '2022-11-17 08:51:00'),
(203, 'รถบดล้อเหล็ก แบบผสม (ล้อเหล็ก - ล้อยาง) ขนาด 4 ตันขึ้นไป', 2, 19, 'คัน', 1, NULL, '2022-11-17 08:51:00'),
(204, 'รถบดล้อเหล็ก แบบผสม (ล้อเหล็ก - ล้อยาง) ขนาดต่ำกว่า 4 ตัน', 2, 19, 'คัน', 1, NULL, '2022-11-17 08:51:00'),
(205, 'รถบดล้อเหล็กขับเคลื่อนด้วยตัวเองที่ รพช. ผลิต ', 2, 19, 'คัน', 1, NULL, '2022-11-17 08:51:00'),
(206, 'รถบดถนนแบบตีนแกะขับเคลื่อนด้วยตัวเอง', 2, 20, 'คัน', 1, NULL, '2022-11-17 08:51:00'),
(207, 'ลูกกลิ้งตีนแกะบดถนน แบบลากพ่วง', 2, 20, '', 1, NULL, '2022-11-17 08:51:00'),
(208, 'รถเครน (WRECKER/CRANE CARRIER)', 2, 21, 'คัน', 1, NULL, '2022-11-17 08:51:00'),
(209, 'รถเครนขนาดใหญ่บรรเทาสาธารณภัย (ALL TERRAIN CRANE/TRUCK CRANE)', 2, 21, 'คัน', 1, NULL, '2022-11-17 08:51:00'),
(210, 'รถเครนกู้ภัยสมรรถนะสูง', 2, 21, 'คัน', 1, NULL, '2022-11-17 08:51:00'),
(211, 'เครื่องผสมคอนกรีต', 2, 22, 'เครื่อง', 1, NULL, '2022-11-17 08:51:00'),
(212, 'เครื่องบดอัดแบบแผ่นสั่นสะเทือน', 2, 23, 'เครื่อง', 1, NULL, '2022-11-17 08:51:00'),
(213, 'เครื่องเจาะสำรวจชั้นดิน', 2, 24, 'เครื่อง', 1, NULL, '2022-11-17 08:51:00'),
(214, 'เครื่องสูบน้ำ ขนาดท่อส่งไม่เกิน 5 นิ้ว', 2, 25, 'เครื่อง', 1, NULL, '2022-11-17 08:51:00'),
(215, 'เครื่องสูบน้ำ ขนาดท่อส่ง 6 นิ้ว – 10 นิ้ว', 2, 25, 'เครื่อง', 1, NULL, '2022-11-17 08:51:00'),
(216, 'เครื่องสูบน้ำ ขนาดท่อส่ง 12 นิ้วขึ้นไป', 2, 25, 'เครื่อง', 1, NULL, '2022-11-17 08:51:00'),
(217, 'เครื่องสูบโคลน', 2, 25, 'เครื่อง', 1, NULL, '2022-11-17 08:51:00'),
(218, 'เครื่องสูบน้ำ แบบจุ่ม', 2, 25, 'เครื่อง', 1, NULL, '2022-11-17 08:51:00'),
(219, 'เครื่องสูบน้ำดับเพลิง แบบหาบหาม', 2, 25, 'เครื่อง', 1, NULL, '2022-11-17 08:51:00'),
(220, 'เครื่องสูบน้ำดับเพลิง แบบทุ่นลอย', 2, 25, 'เครื่อง', 1, NULL, '2022-11-17 08:51:00'),
(221, 'เครื่องสูบน้ำระยะไกล 3 กิโลเมตร ', 2, 25, 'เครื่อง', 1, NULL, '2022-11-17 08:51:00'),
(222, 'เครื่องสูบน้ำระยะไกล 2 กิโลเมตร', 2, 25, 'เครื่อง', 1, NULL, '2022-11-17 08:51:00'),
(223, 'รถกู้ภัยเคลื่อนที่เร็วพร้อมอุปกรณ์', 2, 26, 'คัน', 1, NULL, '2022-11-17 08:51:00'),
(224, 'รถกู้ภัยเอนกประสงค์ขนาดกลาง', 2, 26, 'คัน', 1, NULL, '2022-11-17 08:51:00'),
(225, 'รถกู้ภัยอเนกประสงค์ขนาดใหญ่', 2, 26, 'คัน', 1, NULL, '2022-11-17 08:51:00'),
(226, 'รถเครื่องช่วยหายใจพร้อมอุปกรณ์', 2, 26, 'คัน', 1, NULL, '2022-11-17 08:51:00'),
(227, 'รถปฏิบัติการกู้ภัยสารเคมีและวัตถุอันตราย', 2, 26, 'คัน', 1, NULL, '2022-11-17 08:51:00'),
(228, 'รถบรรทุกลากเรือยนต์กู้ภัยพร้อมอุปกรณ์', 2, 26, 'คัน', 1, NULL, '2022-11-17 08:51:00'),
(229, 'รถผลิตอากาศ พร้อมระบบส่งระยะไกล', 2, 26, 'คัน', 1, NULL, '2022-11-17 08:51:00'),
(230, 'รถปฏิบัติการกู้ภัยช่วยชีวิตตึกถล่ม', 2, 26, 'คัน', 1, NULL, '2022-11-17 08:51:00'),
(231, 'รถดับเพลิงอาคาร', 2, 27, 'คัน', 1, NULL, '2022-11-17 08:51:00'),
(232, 'รถดับเพลิงโฟมและเคมีขนาดใหญ่', 2, 27, 'คัน', 1, NULL, '2022-11-17 08:51:00'),
(233, 'รถดับเพลิงชนิดหอน้ำพร้อมบันไดและอุปกรณ์ ', 2, 27, 'คัน', 1, NULL, '2022-11-17 08:51:00'),
(234, 'รถดับไฟป่าพร้อมอุปกรณ์', 2, 27, 'คัน', 1, NULL, '2022-11-17 08:51:00'),
(235, 'รถบรรทุกน้ำช่วยดับเพลิง', 2, 27, 'คัน', 1, NULL, '2022-11-17 08:51:00'),
(236, 'รถดับเพลิงระบบโฟมอัดอากาศแรงดันสูง ', 2, 27, 'คัน', 1, NULL, '2022-11-17 08:51:00'),
(237, 'ยานยนต์ดับเพลิง ฉีดหมอกน้ำ/โฟม ', 2, 27, 'คัน', 1, NULL, '2022-11-17 08:51:00'),
(238, 'รถดับเพลิงชนิดหอน้ำ ขนาดความสูง 90 เมตร', 2, 27, 'คัน', 1, NULL, '2022-11-17 08:51:00'),
(239, 'ยานยนต์ดับเพลิง พร้อมระบบควบคุมระยะไกล และอุปกรณ์ ', 2, 27, 'คัน', 1, NULL, '2022-11-17 08:51:00'),
(240, 'รถดับเพลิง ขนาดอัตราสูบฉีดน้ำ/โฟม ไม่น้อยกว่า 10,000 ลิตรต่อนาที ', 2, 27, 'คัน', 1, NULL, '2022-11-17 08:51:00'),
(241, 'รถดับเพลิงพร้อมติดตั้งเครื่องสูบน้ำระยะไกล', 2, 27, 'คัน', 1, NULL, '2022-11-17 08:51:00'),
(242, 'รถไฟฟ้าส่องสว่าง', 2, 28, 'คัน', 1, NULL, '2022-11-17 08:51:00'),
(243, 'รถเครื่องกำเนิดไฟฟ้า ขนาด 200 kVA.', 2, 28, 'คัน', 1, NULL, '2022-11-17 08:51:00'),
(244, 'เรือท้องแบน', 2, 29, 'ลำ', 1, NULL, '2022-11-17 08:51:00'),
(245, 'เรือท้องแบนไฟเบอร์กลาส', 2, 29, 'ลำ', 1, NULL, '2022-11-17 08:51:00'),
(246, 'เรือยาง', 2, 29, 'ลำ', 1, NULL, '2022-11-17 08:51:00'),
(247, 'เรือหางยาว', 2, 29, 'ลำ', 1, NULL, '2022-11-17 08:51:00'),
(248, 'ยานเบาะอากาศกู้ภัย (Hovercraft Rescue)', 2, 29, 'ลำ', 1, NULL, '2022-11-17 08:51:00'),
(249, 'เรือเร็วตรวจการณ์ (Speed Boat)', 2, 29, 'ลำ', 1, NULL, '2022-11-17 08:51:00'),
(250, 'เรือยนต์กู้ภัย (Rescue Boat)', 2, 29, 'ลำ', 1, NULL, '2022-11-17 08:51:00'),
(251, 'ยานยนต์กู้ภัยเคลื่อนที่เร็วบนผิวน้ำ (Jet Ski)', 2, 29, 'ลำ', 1, NULL, '2022-11-17 08:51:00'),
(252, 'เรือขนาดเล็ก', 2, 29, 'ลำ', 1, NULL, '2022-11-17 08:51:00'),
(253, 'เรือท้องแบนอลูมิเนียม บรรทุกเครื่องผลิตน้ำดื่ม', 2, 29, 'ลำ', 1, NULL, '2022-11-17 08:51:00'),
(254, 'เรือแอร์โบ๊ท', 2, 29, 'ลำ', 1, NULL, '2022-11-17 08:51:00'),
(255, 'หางลากจูงบรรทุกเครื่องจักรกล', 2, 30, '', 1, NULL, '2022-11-17 08:51:00'),
(256, 'ตู้บริการน้ำมันหล่อลื่น แบบลากพ่วง', 2, 30, 'เครื่อง', 1, NULL, '2022-11-17 08:51:00'),
(257, 'ตู้เก็บพัสดุอะไหล่ แบบลากพ่วง', 2, 30, 'เครื่อง', 1, NULL, '2022-11-17 08:51:00'),
(258, 'ถังน้ำ แบบลากพ่วง', 2, 30, '', 1, NULL, '2022-11-17 08:51:00'),
(259, 'ถังน้ำมันเชื้อเพลิง แบบลากพ่วง', 2, 30, '', 1, NULL, '2022-11-17 08:51:00'),
(260, 'ตู้เก็บเครื่องมือซ่อม แบบลากพ่วง', 2, 30, '', 1, NULL, '2022-11-17 08:51:00'),
(261, 'หางลากพ่วงอื่นๆ', 2, 30, '', 1, NULL, '2022-11-17 08:51:00'),
(262, 'หางลากพ่วงบรรทุกเครื่องผลิตน้ำดื่ม', 2, 30, '', 1, NULL, '2022-11-17 08:51:00'),
(263, 'เครื่องยนต์เรือ แบบหางสั้น', 2, 31, '', 1, NULL, '2022-11-17 08:51:00'),
(264, 'เครื่องยนต์เรือ แบบหางยาว', 2, 31, '', 1, NULL, '2022-11-17 08:51:00'),
(265, 'อากาศยานปีกหมุน ดับเพลิงและกู้ภัย', 2, 32, '', 1, NULL, '2022-11-17 08:51:00'),
(266, 'อากาศยานตรวจการณ์ไร้คนขับ (UAV/Drone) ', 2, 32, '', 1, NULL, '2022-11-17 08:51:00'),
(267, 'สะพานเบลีย์ (Bailey Bridge)', 2, 33, '', 1, NULL, '2022-11-17 08:51:00'),
(268, 'รถยกของในโรงงานแบบงาแซะ', 2, 34, '', 1, NULL, '2022-11-17 08:51:00'),
(269, 'เครื่องยกของแบบงาแซะ', 2, 34, 'เครื่อง', 1, NULL, '2022-11-17 08:51:00'),
(270, 'รถขุดตักไฮดรอลิค', 2, 35, 'คัน', 1, NULL, '2022-11-17 08:51:00'),
(271, 'รถขุดตักไฮดรอลิค แบบสะเทินน้ำสะเทินบก', 2, 35, 'คัน', 1, NULL, '2022-11-17 08:51:00'),
(272, 'รถขุดตักไฮดรอลิค แบบแขนตักยาว ', 2, 35, 'คัน', 1, NULL, '2022-11-17 08:51:00'),
(273, 'รถขุดล้อยางกู้ภัย ชนิดปรับระดับฐานล้อยกสูง พร้อมอุปกรณ์', 2, 35, 'คัน', 1, NULL, '2022-11-17 08:51:00'),
(274, 'เครื่องเจาะบ่อบาดาล แบบหมุน ติดตั้งบนรถบรรทุก ', 2, 36, 'เครื่อง', 1, NULL, '2022-11-17 08:51:00'),
(275, 'เครื่องเจาะบ่อน้ำตื้น ติดตั้งบนรถบรรทุก ', 2, 40, 'เครื่อง', 1, NULL, '2022-11-17 08:51:00'),
(276, 'รถจักรยานยนต์', 2, 41, 'คัน', 1, NULL, '2022-11-17 08:51:00'),
(277, 'ทั่ง', 2, 51, '', 1, NULL, '2022-11-17 08:51:00'),
(278, 'เครื่องมือขึ้นรูปโลหะและตัวถัง', 2, 51, 'เครื่อง', 1, NULL, '2022-11-17 08:51:00'),
(279, 'เครื่องประจุไฟแบตเตอรี่แบบติดตั้งประจำที่', 2, 52, 'เครื่อง', 1, NULL, '2022-11-17 08:51:00'),
(280, 'เครื่องประจุไฟแบตเตอรี่แบบล้อเข็น', 2, 52, 'เครื่อง', 1, NULL, '2022-11-17 08:51:00'),
(281, 'เครื่องมือบริการและตรวจสอบแบตเตอรี่', 2, 52, 'เครื่อง', 1, NULL, '2022-11-17 08:51:00'),
(282, 'เครื่องล้างทำความสะอาดด้วยน้ำแรงดันสูง', 2, 53, 'เครื่อง', 1, NULL, '2022-11-17 08:51:00'),
(283, 'เครื่องล้างทำความสะอาดชิ้นส่วนด้วยน้ำมัน', 2, 53, 'เครื่อง', 1, NULL, '2022-11-17 08:51:00'),
(284, 'เครื่องทำความสะอาดชิ้นส่วนแบบพ่นทราย', 2, 53, 'เครื่อง', 1, NULL, '2022-11-17 08:51:00'),
(285, 'เครื่องยกไฮดรอลิค แบบตั้งพื้นมีล้อเลื่อน', 2, 54, 'เครื่อง', 1, NULL, '2022-11-17 08:51:00'),
(286, 'เครื่องยกแบบมีเสาและแขนยื่น', 2, 54, 'เครื่อง', 1, NULL, '2022-11-17 08:51:00'),
(287, 'รอกโซ่พร้อมขาตั้ง เช่นขาตั้งมีล้อเลื่อนใช้คานรับขาทั้งสองด้าน', 2, 54, '', 1, NULL, '2022-11-17 08:51:00'),
(288, 'เครื่องยกในระดับสูงแบบคานเลื่อน', 2, 54, 'เครื่อง', 1, NULL, '2022-11-17 08:51:00'),
(289, 'เครื่องยกไฮดรอลิค แบบ X-LIFT', 2, 54, 'เครื่อง', 1, NULL, '2022-11-17 08:51:00'),
(290, 'สว่านเจาะแบบตั้งพื้น', 2, 55, '', 1, NULL, '2022-11-17 08:51:00'),
(291, 'สว่านเจาะแบบตั้งโต๊ะ', 2, 55, '', 1, NULL, '2022-11-17 08:51:00'),
(292, 'เครื่องเจาะแบบเรเดียล', 2, 55, '', 1, NULL, '2022-11-17 08:51:00'),
(293, 'สว่านไฟฟ้า แบบมือถือ', 2, 55, '', 1, NULL, '2022-11-17 08:51:00'),
(294, 'สว่านเจาะมือถือ แบบใช้ลม', 2, 55, '', 1, NULL, '2022-11-17 08:51:00'),
(295, 'เครื่องมือวัด-ปรับแต่ง ระบบเครื่องยนต์', 2, 56, 'เครื่อง', 1, NULL, '2022-11-17 08:51:00'),
(296, 'เครื่องมือวัดจังหวะการจุดระเบิดแบบใช้แสง', 2, 56, 'เครื่อง', 1, NULL, '2022-11-17 08:51:00'),
(297, 'เครื่องมือวัดอุณหภูมิเครื่องยนต์', 2, 56, 'เครื่อง', 1, NULL, '2022-11-17 08:51:00'),
(298, 'เครื่องมือวิเคราะห์ไอเสีย', 2, 56, 'เครื่อง', 1, NULL, '2022-11-17 08:51:00'),
(299, 'เครื่องมือวัดกำลังอัดเครื่องยนต์', 2, 56, 'เครื่อง', 1, NULL, '2022-11-17 08:51:00'),
(300, 'เครื่องตัดเหล็กแบบมือถือ', 2, 57, 'เครื่อง', 1, NULL, '2022-11-17 08:51:00'),
(301, 'เครื่องตัดเหล็กแบบตั้งพื้น', 2, 57, 'เครื่อง', 1, NULL, '2022-11-17 08:51:00'),
(302, 'เครื่องตัดเหล็กแบบใช้แผ่นตัด', 2, 57, 'เครื่อง', 1, NULL, '2022-11-17 08:51:00'),
(303, 'ชุดตัดแก๊สพร้อมอุปกรณ์ตัดโลหะ และอโลหะความหนาไม่น้อยกว่า 4 นิ้ว', 2, 57, 'เครื่อง', 1, NULL, '2022-11-17 08:51:00'),
(304, 'เครื่องกำเนิดไฟฟ้า แบบติดตั้งประจำที่', 2, 58, 'เครื่อง', 1, NULL, '2022-11-17 08:51:00'),
(305, 'เครื่องกำเนิดไฟฟ้า แบบติดตั้งบนรถลากพ่วง', 2, 58, 'เครื่อง', 1, NULL, '2022-11-17 08:51:00'),
(306, 'เครื่องกำเนิดไฟฟ้า แบบติดตั้งบนรถบรรทุก', 2, 58, 'เครื่อง', 1, NULL, '2022-11-17 08:51:00'),
(307, 'เครื่องกำเนิดไฟฟ้า แบบเคลื่อนที่', 2, 58, 'เครื่อง', 1, NULL, '2022-11-17 08:51:00'),
(308, 'เครื่องกำเนิดไฟฟ้า สำหรับอากาศยาน', 2, 58, 'เครื่อง', 1, NULL, '2022-11-17 08:51:00'),
(309, 'หินเจียรนัย แบบตั้งพื้น', 2, 59, '', 1, NULL, '2022-11-17 08:51:00'),
(310, 'หินเจียรนัย แบบตั้งโต๊ะ', 2, 59, '', 1, NULL, '2022-11-17 08:51:00'),
(311, 'หินเจียรนัย แบบมือถือใช้ไฟฟ้าหรือใช้ลม', 2, 59, '', 1, NULL, '2022-11-17 08:51:00'),
(312, 'เครื่องเจียรนัยลิ้นเครื่องยนต์', 2, 59, 'เครื่อง', 1, NULL, '2022-11-17 08:51:00'),
(313, 'เครื่องเจียรนัยบ่าลิ้นเครื่องยนต์', 2, 59, 'เครื่อง', 1, NULL, '2022-11-17 08:51:00'),
(314, 'เครื่องเจียรและย้ำหมุดผ้าเบรก', 2, 59, 'เครื่อง', 1, NULL, '2022-11-17 08:51:00'),
(315, 'เครื่องเจียรเพลาข้อเหวี่ยง', 2, 59, 'เครื่อง', 1, NULL, '2022-11-17 08:51:00'),
(316, 'เครื่องลับดอกสว่าน', 2, 59, 'เครื่อง', 1, NULL, '2022-11-17 08:51:00'),
(317, 'เครื่องเจียรนัยฝาสูบ', 2, 59, 'เครื่อง', 1, NULL, '2022-11-17 08:51:00'),
(318, 'เครื่องคว้านกระบอกสูบ/ตั้งศูนย์เสื้อสูบ', 2, 60, 'เครื่อง', 1, NULL, '2022-11-17 08:51:00'),
(319, 'เครื่องขัดกระบอกสูบ', 2, 60, 'เครื่อง', 1, NULL, '2022-11-17 08:51:00'),
(320, 'เครื่องขัดกระบอกสูบแบบมือถือ', 2, 60, 'เครื่อง', 1, NULL, '2022-11-17 08:51:00'),
(321, 'เครื่องมือปรับแต่งก้านสูบและลูกสูบ', 2, 60, 'เครื่อง', 1, NULL, '2022-11-17 08:51:00'),
(322, 'เครื่องมือคว้านรูแบบมือถือ', 2, 60, 'เครื่อง', 1, NULL, '2022-11-17 08:51:00'),
(323, 'ประแจกระแทก แบบใช้ลม', 2, 61, '', 1, NULL, '2022-11-17 08:51:00'),
(324, 'ประแจกระแทก แบบใช้ไฮดรอลิค', 2, 61, '', 1, NULL, '2022-11-17 08:51:00'),
(325, 'ประแจกระแทก แบบใช้ไฟฟ้า', 2, 61, '', 1, NULL, '2022-11-17 08:51:00'),
(326, 'ไขควงตอก', 2, 61, '', 1, NULL, '2022-11-17 08:51:00'),
(327, 'เครื่องตรวจสอบหัวฉีด', 2, 62, 'เครื่อง', 1, NULL, '2022-11-17 08:51:00'),
(328, 'เครื่องตรวจสอบปั๊มหัวฉีด', 2, 62, 'เครื่อง', 1, NULL, '2022-11-17 08:51:00'),
(329, 'เครื่องมือซ่อมปั๊มหัวฉีด', 2, 62, 'เครื่อง', 1, NULL, '2022-11-17 08:51:00'),
(330, 'แม่แรงไฮดรอลิค', 2, 63, '', 1, NULL, '2022-11-17 08:51:00'),
(331, 'แม่แรงไฮดรอลิค แบบตะเฆ่', 2, 63, '', 1, NULL, '2022-11-17 08:51:00'),
(332, 'แม่แรงลม', 2, 63, '', 1, NULL, '2022-11-17 08:51:00'),
(333, 'แม่แรงแบบกลไก', 2, 63, '', 1, NULL, '2022-11-17 08:51:00'),
(334, 'แม่แรงไฮดรอลิครองรับกระปุกเกียร์', 2, 63, '', 1, NULL, '2022-11-17 08:51:00'),
(335, 'เครื่องกลึง', 2, 64, 'เครื่อง', 1, NULL, '2022-11-17 08:51:00'),
(336, 'เครื่องกลึงอัตโนมัติ', 2, 64, 'เครื่อง', 1, NULL, '2022-11-17 08:51:00'),
(337, 'เครื่องกลึงจานเบรก', 2, 64, 'เครื่อง', 1, NULL, '2022-11-17 08:51:00'),
(338, 'เครื่องวัดไฟฟ้า แบบเอนกประสงค์', 2, 65, 'เครื่อง', 1, NULL, '2022-11-17 08:51:00'),
(339, 'เครื่องวัดแรงดันไฟฟ้า', 2, 65, 'เครื่อง', 1, NULL, '2022-11-17 08:51:00'),
(340, 'เครื่องวัดกระแสไฟฟ้า', 2, 65, 'เครื่อง', 1, NULL, '2022-11-17 08:51:00'),
(341, 'เครื่องวัดความต้านทานไฟฟ้า', 2, 65, 'เครื่อง', 1, NULL, '2022-11-17 08:51:00'),
(342, 'เครื่องวัดตรวจสอบไฟหน้ารถยนต์', 2, 65, 'เครื่อง', 1, NULL, '2022-11-17 08:51:00'),
(343, 'เครื่องวัดกำลังส่งวิทยุ', 2, 65, 'เครื่อง', 1, NULL, '2022-11-17 08:51:00'),
(344, 'เครื่องโปรแกรมความถี่', 2, 65, 'เครื่อง', 1, NULL, '2022-11-17 08:51:00'),
(345, 'แท่นอัดไฮดรอลิค แบบตั้งพื้น', 2, 66, '', 1, NULL, '2022-11-17 08:51:00'),
(346, 'เครื่องอัดหัวต่อสายไฮดรอลิค', 2, 66, 'เครื่อง', 1, NULL, '2022-11-17 08:51:00'),
(347, 'เครื่องอัดแบบกลไก', 2, 66, 'เครื่อง', 1, NULL, '2022-11-17 08:51:00'),
(348, 'เครื่องมือตัดสายไฮดรอลิค', 2, 66, '', 1, NULL, '2022-11-17 08:51:00'),
(349, 'รอกโซ่', 2, 67, '', 1, NULL, '2022-11-17 08:51:00'),
(350, 'รอกโซ่ไฟฟ้า', 2, 67, '', 1, NULL, '2022-11-17 08:51:00'),
(351, 'ปากกาจับชิ้นงาน', 2, 68, '', 1, NULL, '2022-11-17 08:51:00'),
(352, 'ปากกาจับท่อ แบบตั้งพื้น', 2, 68, 'เครื่อง', 1, NULL, '2022-11-17 08:51:00'),
(353, 'เครื่องเชื่อมไฟฟ้า แบบใช้หม้อแปลง', 2, 69, 'เครื่อง', 1, NULL, '2022-11-17 08:51:00'),
(354, 'เครื่องเชื่อมไฟฟ้า แบบใช้เครื่องยนต์ขับ', 2, 69, 'เครื่อง', 1, NULL, '2022-11-17 08:51:00'),
(355, 'เครื่องเชื่อมแก๊สพร้อมอุปกรณ์', 2, 69, 'เครื่อง', 1, NULL, '2022-11-17 08:51:00'),
(356, 'เครื่องเชื่อม แบบย้ำจุด', 2, 69, 'เครื่อง', 1, NULL, '2022-11-17 08:51:00'),
(357, 'เครื่องเชื่อมกึ่งอัตโนมัติ แบบใช้ลวด', 2, 69, 'เครื่อง', 1, NULL, '2022-11-17 08:51:00'),
(358, 'เครื่องเชื่อมกึ่งอัตโนมัติ แบบใช้แก๊สคลุม', 2, 69, 'เครื่อง', 1, NULL, '2022-11-17 08:51:00'),
(359, 'เครื่องดูดควันงานเชื่อมโลหะ', 2, 69, 'เครื่อง', 1, NULL, '2022-11-17 08:51:00'),
(360, 'เครื่องเชื่อมแบบ TIG', 2, 69, 'เครื่อง', 1, NULL, '2022-11-17 08:51:00'),
(361, 'เครื่องเชื่อมแบบ MIG', 2, 69, 'เครื่อง', 1, NULL, '2022-11-17 08:51:00'),
(362, 'เครื่องเชื่อม แบบพ่นพอกโลหะ', 2, 69, 'เครื่อง', 1, NULL, '2022-11-17 08:51:00'),
(363, 'เครื่องเชื่อมลูกกลิ้ง', 2, 69, 'เครื่อง', 1, NULL, '2022-11-17 08:51:00'),
(364, 'เครื่องเชื่อมโซ่ตีนตะขาบ', 2, 69, 'เครื่อง', 1, NULL, '2022-11-17 08:51:00'),
(365, 'เครื่องบดเศษลวดเชื่อม', 2, 69, 'เครื่อง', 1, NULL, '2022-11-17 08:51:00'),
(366, 'เครื่องมือส่วนกลาง ประจำห้องเครื่องมือโรงซ่อม', 2, 70, 'เครื่อง', 1, NULL, '2022-11-17 08:51:00'),
(367, 'เครื่องมือเครื่องจักรกลชุดใหญ่', 2, 70, 'เครื่อง', 1, NULL, '2022-11-17 08:51:00'),
(368, 'เครื่องมือประจำช่างซ่อม', 2, 70, 'เครื่อง', 1, NULL, '2022-11-17 08:51:00'),
(369, 'เครื่องมือประจำช่างซ่อมไฟฟ้า', 2, 70, 'เครื่อง', 1, NULL, '2022-11-17 08:51:00'),
(370, 'เครื่องมือประจำชุดซ่อมทางลาดยาง', 2, 70, 'เครื่อง', 1, NULL, '2022-11-17 08:51:00'),
(371, 'ชุดเครื่องมือทำเกลียวนอก-ใน', 2, 71, '', 1, NULL, '2022-11-17 08:51:00'),
(372, 'ชุดเครื่องมือทำเกลียวท่อ', 2, 71, '', 1, NULL, '2022-11-17 08:51:00'),
(373, 'เลื่อยตัดเหล็กไฟฟ้า', 2, 72, '', 1, NULL, '2022-11-17 08:51:00'),
(374, 'เลื่อยวงเดือน', 2, 72, '', 1, NULL, '2022-11-17 08:51:00'),
(375, 'เครื่องตัดเหล็ก แบบ AIR PLASMA', 2, 72, 'เครื่อง', 1, NULL, '2022-11-17 08:51:00'),
(376, 'เครื่องตัดเหล็กตามแบบ ชนิดใช้แก๊สตัด', 2, 72, 'เครื่อง', 1, NULL, '2022-11-17 08:51:00'),
(377, 'เครื่องไส', 2, 73, 'เครื่อง', 1, NULL, '2022-11-17 08:51:00'),
(378, 'เครื่องมือชุดถอด-ประกอบบู๊ช', 2, 74, 'เครื่อง', 1, NULL, '2022-11-17 08:51:00'),
(379, 'ชุดบริการหล่อลื่นและบำรุงรักษาเครื่องจักรกล', 2, 75, '', 1, NULL, '2022-11-17 08:51:00'),
(380, 'เครื่องอัดอากาศ แบบติดตั้งประจำที่', 2, 76, 'เครื่อง', 1, NULL, '2022-11-17 08:51:00'),
(381, 'เครื่องอัดอากาศ แบบติดตั้งบนรถบรรทุก ', 2, 76, 'เครื่อง', 1, NULL, '2022-11-17 08:51:00'),
(382, 'เครื่องอัดอากาศ แบบติดตั้งบนรถลากพ่วง ', 2, 76, 'เครื่อง', 1, NULL, '2022-11-17 08:51:00'),
(383, 'เครื่องทำความสะอาดหัวเทียน', 2, 77, 'เครื่อง', 1, NULL, '2022-11-17 08:51:00'),
(384, 'เครื่องมือชุดตัดและบานท่อ', 2, 78, 'เครื่อง', 1, NULL, '2022-11-17 08:51:00'),
(385, 'เครื่องมือตัดปะเก็น', 2, 78, 'เครื่อง', 1, NULL, '2022-11-17 08:51:00'),
(386, 'เครื่องแกะสลักด้วยไฟฟ้า (ปากกาไฟฟ้า)', 2, 78, 'เครื่อง', 1, NULL, '2022-11-17 08:51:00'),
(387, 'เครื่องมืออุปกรณ์พ่นสี', 2, 79, 'เครื่อง', 1, NULL, '2022-11-17 08:51:00'),
(388, 'ตู้ดูดละอองสี', 2, 79, '', 1, NULL, '2022-11-17 08:51:00'),
(389, 'เครื่องขัดสี', 2, 79, 'เครื่อง', 1, NULL, '2022-11-17 08:51:00'),
(390, 'เครื่องพ่นไอร้อน', 2, 79, 'เครื่อง', 1, NULL, '2022-11-17 08:51:00'),
(391, 'เครื่องมือชุดบัดกรี แบบใช้ไฟเผา', 2, 80, 'เครื่อง', 1, NULL, '2022-11-17 08:51:00'),
(392, 'เครื่องมือชุดบัดกรี แบบใช้ไฟฟ้า', 2, 80, 'เครื่อง', 1, NULL, '2022-11-17 08:51:00'),
(393, 'เครื่องทดสอบสปริง', 2, 81, 'เครื่อง', 1, NULL, '2022-11-17 08:51:00'),
(394, 'วิทยุรับ-ส่ง แบบ SSB', 2, 82, 'เครื่อง', 1, NULL, '2022-11-17 08:51:00'),
(395, 'วิทยุรับ-ส่ง แบบ VHF/FM แบบติดตั้งประจำสำนักงาน', 2, 82, 'เครื่อง', 1, NULL, '2022-11-17 08:51:00'),
(396, 'วิทยุรับ-ส่ง แบบ VHF/FM แบบติดตั้งประจำรถยนต์', 2, 82, 'เครื่อง', 1, NULL, '2022-11-17 08:51:00'),
(397, 'วิทยุรับ-ส่ง แบบ VHF/FM แบบมือถือ', 2, 82, 'เครื่อง', 1, NULL, '2022-11-17 08:51:00'),
(398, 'วิทยุรับ-ส่ง แบบ TRUNK แบบติดตั้งประจำรถยนต์', 2, 82, 'เครื่อง', 1, NULL, '2022-11-17 08:51:00'),
(399, 'เครื่องมือชุดดูดอุปกรณ์ แบบใช้ไฮดรอลิค', 2, 83, 'เครื่อง', 1, NULL, '2022-11-17 08:51:00'),
(400, 'เครื่องมือชุดดูดอุปกรณ์ แบบใช้มือขัน', 2, 83, 'เครื่อง', 1, NULL, '2022-11-17 08:51:00'),
(401, 'เครื่องมือตรวจสอบอาเมเจอร์', 2, 84, 'เครื่อง', 1, NULL, '2022-11-17 08:51:00'),
(402, 'เครื่องมือตรวจสอบมอเตอร์สตาร์ทและอัลเตอร์เนเตอร์', 2, 84, 'เครื่อง', 1, NULL, '2022-11-17 08:51:00'),
(403, 'เครื่องมือตรวจสอบและบริการแอร์รถยนต์', 2, 85, 'เครื่อง', 1, NULL, '2022-11-17 08:51:00'),
(404, 'เครื่องตรวจสอบระบบไฮดรอลิค', 2, 86, 'เครื่อง', 1, NULL, '2022-11-17 08:51:00'),
(405, 'เครื่องกรองน้ำมันไฮดรอลิค', 2, 86, 'เครื่อง', 1, NULL, '2022-11-17 08:51:00'),
(406, 'เครื่องมือวัดระยะด้านนอก-ใน', 2, 87, 'เครื่อง', 1, NULL, '2022-11-17 08:51:00'),
(407, 'แท่นติดตั้งซ่อมเครื่องยนต์', 2, 88, '', 1, NULL, '2022-11-17 08:51:00'),
(408, 'แท่นติดตั้งซ่อมเกียร์', 2, 88, '', 1, NULL, '2022-11-17 08:51:00'),
(409, 'แท่นติดตั้งซ่อมเฟืองท้าย', 2, 88, '', 1, NULL, '2022-11-17 08:51:00'),
(410, 'เครื่องจี้เขย่าคอนกรีต', 2, 89, 'เครื่อง', 1, NULL, '2022-11-17 08:51:00'),
(411, 'เครื่องเจาะดิน แบบใช้ไฮดรอลิค', 2, 89, 'เครื่อง', 1, NULL, '2022-11-17 08:51:00'),
(412, 'เครื่องตัดคอนกรีต', 2, 89, 'เครื่อง', 1, NULL, '2022-11-17 08:51:00'),
(413, 'เครื่องขุดเจาะกระแทก แบบมีเครื่องยนต์', 2, 89, 'เครื่อง', 1, NULL, '2022-11-17 08:51:00'),
(414, 'เครื่องขุดเจาะกระแทก แบบใช้ลม', 2, 89, 'เครื่อง', 1, NULL, '2022-11-17 08:51:00'),
(415, 'เครื่องตัดและทำลาย', 2, 89, 'เครื่อง', 1, NULL, '2022-11-17 08:51:00'),
(416, 'เครื่องมือชุดซ่อมบ่อบาดาล', 2, 90, 'เครื่อง', 1, NULL, '2022-11-17 08:51:00'),
(417, 'ถังน้ำมันเชื้อเพลิง แบบติดตั้งประจำที่', 2, 91, 'ถัง', 1, NULL, '2022-11-17 08:51:00'),
(418, 'ถังน้ำมันหล่อลื่น แบบติดตั้งประจำที่ ', 2, 91, 'ถัง', 1, NULL, '2022-11-17 08:51:00'),
(419, 'อุปกรณ์การเจาะ แบบ Down The Hole Hammer (DTH)', 2, 92, '', 1, NULL, '2022-11-17 08:51:00'),
(420, 'เครื่องมือและอุปกรณ์ชุดซ่อมปะยาง', 2, 93, 'เครื่อง', 1, NULL, '2022-11-17 08:51:00'),
(421, 'เครื่องถ่วงล้อ (ยางรถยนต์)', 2, 93, 'เครื่อง', 1, NULL, '2022-11-17 08:51:00'),
(422, 'เครื่องมือทดสอบแรงม้าเครื่องยนต์', 2, 94, 'เครื่อง', 1, NULL, '2022-11-17 08:51:00'),
(423, 'เครื่องมือทดสอบแรง แบบกลไก', 2, 94, 'เครื่อง', 1, NULL, '2022-11-17 08:51:00'),
(424, 'เครื่องทดสอบเบรก', 2, 94, 'เครื่อง', 1, NULL, '2022-11-17 08:51:00'),
(425, 'เตาอบชุบโลหะด้วยไฟฟ้า', 2, 95, '', 1, NULL, '2022-11-17 08:51:00'),
(426, 'เครื่องกัดโลหะควบคุมการทำงานด้วยคอมพิวเตอร์ ( CNC )', 2, 96, 'เครื่อง', 1, NULL, '2022-11-17 08:51:00'),
(427, 'เครื่องกัดเซาะโลหะ', 2, 96, 'เครื่อง', 1, NULL, '2022-11-17 08:51:00'),
(428, 'เครื่องพับเหล็ก', 2, 97, 'เครื่อง', 1, NULL, '2022-11-17 08:51:00'),
(429, 'เครื่องดัดท่อ', 2, 98, 'เครื่อง', 1, NULL, '2022-11-17 08:51:00'),
(430, 'ชุดโคมไฟฟ้าส่องสว่าง แบบยกหิ้ว', 2, 121, '', 1, NULL, '2022-11-17 08:51:00'),
(431, 'ชุดโคมไฟฟ้าส่องสว่าง แบบ Balloon Light', 2, 121, '', 1, NULL, '2022-11-17 08:51:00'),
(432, 'เครื่องตัดหญ้า แบบล้อเข็น', 2, 122, 'เครื่อง', 1, NULL, '2022-11-17 08:51:00'),
(433, 'เครื่องตัดหญ้า แบบสะพาย', 2, 122, 'เครื่อง', 1, NULL, '2022-11-17 08:51:00'),
(434, 'เครื่องตัดหญ้า แบบนั่งขับ', 2, 122, 'เครื่อง', 1, NULL, '2022-11-17 08:51:00'),
(435, 'เครื่องกวาดพื้นดูดฝุ่นอัตโนมัติ แบบนั่งขับ', 2, 123, 'เครื่อง', 1, NULL, '2022-11-17 08:51:00'),
(436, 'เครื่องดูดฝุ่น', 2, 123, 'เครื่อง', 1, NULL, '2022-11-17 08:51:00'),
(437, 'เครื่องดูดควัน/เป่าลม', 2, 123, 'เครื่อง', 1, NULL, '2022-11-17 08:51:00'),
(438, 'เครื่องเป่าลม แบบสะพายหลัง', 2, 123, 'เครื่อง', 1, NULL, '2022-11-17 08:51:00'),
(439, 'เครื่องวัดความเร็วลม และทิศทางลม', 2, 124, 'เครื่อง', 1, NULL, '2022-11-17 08:51:00'),
(440, 'เครื่องตรวจแก๊สพร้อมอุปกรณ์', 2, 124, 'เครื่อง', 1, NULL, '2022-11-17 08:51:00'),
(441, 'เครื่องตรวจวัดคุณภาพอากาศ (สารอินทรีย์ระเหย)', 2, 124, 'เครื่อง', 1, NULL, '2022-11-17 08:51:00'),
(442, 'เครื่องวิเคราะห์สารเคมีทั้งของแข็งและของเหลว แบบพกพา', 2, 124, 'เครื่อง', 1, NULL, '2022-11-17 08:51:00'),
(443, 'เครื่องค้นหาผู้ประสบภัย แบบมองภาพผ่านกล้อง', 2, 124, 'เครื่อง', 1, NULL, '2022-11-17 08:51:00'),
(444, 'เครื่องค้นหาผู้ประสบภัย แบบตรวจจับสัญญาณเสียง', 2, 124, 'เครื่อง', 1, NULL, '2022-11-17 08:51:00'),
(445, 'ชุดป้องกันความร้อน/กู้ภัย', 2, 125, '', 1, NULL, '2022-11-17 08:51:00'),
(446, 'ชุดป้องกันสารเคมี ระดับสูง (level. A)', 2, 125, '', 1, NULL, '2022-11-17 08:51:00'),
(447, 'ชุดป้องกันสารเคมี ระดับกลาง (level. B)', 2, 125, '', 1, NULL, '2022-11-17 08:51:00'),
(448, 'ชุดป้องกันสารเคมี ระดับต่ำ (level. C)', 2, 125, '', 1, NULL, '2022-11-17 08:51:00'),
(449, 'ชุดดับเพลิงอากาศยาน (Proximity Suit)', 2, 125, '', 1, NULL, '2022-11-17 08:51:00'),
(450, 'ชุดดำน้ำ พร้อมอุปกรณ์', 2, 125, '', 1, NULL, '2022-11-17 08:51:00'),
(451, 'เลื่อยโซ่ยนต์', 2, 126, '', 1, NULL, '2022-11-17 08:51:00'),
(452, 'เลื่อยยนต์ตัดโลหะ และคอนกรีต', 2, 126, '', 1, NULL, '2022-11-17 08:51:00'),
(453, 'เลื่อยยนต์ (Power Saw)', 2, 126, '', 1, NULL, '2022-11-17 08:51:00'),
(454, 'ชุดเครื่องเจาะตัดทำลาย กระแทกโครงสร้างผนัง', 2, 126, '', 1, NULL, '2022-11-17 08:51:00'),
(455, 'ชุดเครื่องเจาะตัดทำลาย แบบใช้แรงลม', 2, 126, '', 1, NULL, '2022-11-17 08:51:00'),
(456, 'เครื่องตัดถ่างไฮดรอลิค แบบใช้เครื่องยนต์', 2, 127, 'เครื่อง', 1, NULL, '2022-11-17 08:51:00'),
(457, 'เครื่องตัดถ่างไฮดรอลิค แบบใช้มือโยก', 2, 127, 'เครื่อง', 1, NULL, '2022-11-17 08:51:00'),
(458, 'เครื่องตัดถ่างไฮดรอลิค แบบใช้ไฟฟ้า', 2, 127, 'เครื่อง', 1, NULL, '2022-11-17 08:51:00'),
(459, 'ชุดอุปกรณ์ค้ำยัน', 2, 127, '', 1, NULL, '2022-11-17 08:51:00'),
(460, 'เครื่องค้ำยัน', 2, 127, 'เครื่อง', 1, NULL, '2022-11-17 08:51:00'),
(461, 'ชุดเครื่องช่วยหายใจ พร้อมอุปกรณ์ (SCBA) ', 2, 128, '', 1, NULL, '2022-11-17 08:51:00'),
(462, 'ชุดหน้ากากกันสารพิษ พร้อมอุปกรณ์', 2, 128, '', 1, NULL, '2022-11-17 08:51:00'),
(463, 'เครื่องอัดอากาศบริสุทธิ์ แบบเคลื่อนที่ ', 2, 129, 'เครื่อง', 1, NULL, '2022-11-17 08:51:00'),
(464, 'เครื่องอัดอากาศบริสุทธิ์ แบบติดตั้งประจำที่', 2, 129, 'เครื่อง', 1, NULL, '2022-11-17 08:51:00'),
(465, 'เครื่องส่งเสียงระยะไกล ', 2, 130, 'เครื่อง', 1, NULL, '2022-11-17 08:51:00'),
(466, 'เครื่องยิงน้ำดับเพลิงแรงดันสูง ', 2, 131, 'เครื่อง', 1, NULL, '2022-11-17 08:51:00'),
(467, 'เครื่องดับเพลิงแบบม่านหมอก ', 2, 131, 'เครื่อง', 1, NULL, '2022-11-17 08:51:00'),
(468, 'รถดับเพลิง ขนาด 10,000 ลิตร', 2, 27, 'คัน', 1, NULL, '2022-11-17 08:51:00'),
(469, 'รถดับเพลิง ขนาด 6,000 ลิตร', 2, 27, 'คัน', 1, NULL, '2022-11-17 08:51:00'),
(470, 'รถดับเพลิง ขนาด 4,000 ลิตร', 2, 27, 'คัน', 1, NULL, '2022-11-17 08:51:00'),
(471, 'รถบรรทุกน้ำ ขนาด 6,000 ลิตร', 2, 5, 'คัน', 1, NULL, '2022-11-17 08:51:00'),
(472, 'รถบรรทุกน้ำ ขนาด 5,000 ลิตร', 2, 5, 'คัน', 1, NULL, '2022-11-17 08:51:00'),
(473, 'รถบรรทุกน้ำ ขนาด 4,000 ลิตร', 2, 5, 'คัน', 1, NULL, '2022-11-17 08:51:00'),
(474, 'รถดับเพลิงโฟม', 2, 27, 'คัน', 1, NULL, '2022-11-17 08:51:00'),
(475, 'เครื่องดับเพลิง', 2, 131, 'เครื่อง', 1, NULL, '2022-11-17 08:51:00'),
(476, 'เรือดับเพลิง', 2, 29, 'ลำ', 1, NULL, '2022-11-17 08:51:00'),
(477, 'รถบรรทุกน้ำอเนกประสงค์', 2, 5, 'คัน', 1, NULL, '2022-11-17 08:51:00'),
(478, 'ทดสอบระบบดับเพลิง', 1, 0, '', 1, NULL, '2022-11-17 08:51:00'),
(479, 'รถกระเช้า (12M)', 2, 1, 'คัน', 1, NULL, '2022-11-17 08:51:00'),
(480, 'กลุ่มรถอเนกประสงค์', 1, 0, '', 1, NULL, '2022-11-17 08:51:00'),
(481, 'รถกระเช้า (12M)', 2, 480, 'คัน', 1, NULL, '2022-11-17 08:51:00'),
(482, 'รถกระเช้า (17M)', 2, 480, 'คัน', 1, NULL, '2022-11-17 08:51:00'),
(483, 'รถกระเช้า (22M)', 2, 480, 'คัน', 1, NULL, '2022-11-17 08:51:00'),
(484, 'รถกระเช้า (27M)', 2, 480, 'คัน', 1, NULL, '2022-11-17 08:51:00'),
(485, 'รถกระเช้า (40M)', 2, 480, 'คัน', 1, NULL, '2022-11-17 08:51:00'),
(486, 'รถEMS (ระดับทั่วไป)', 2, 480, 'คัน', 1, NULL, '2022-11-17 08:51:00'),
(487, 'รถEMS (ระดับBASIC)', 2, 480, 'คัน', 1, NULL, '2022-11-17 08:51:00'),
(488, 'รถEMS (ระดับADVANCED)', 2, 480, 'คัน', 1, NULL, '2022-11-17 08:51:00'),
(489, 'เปลกู้ภัย', 2, 124, 'อัน', 1, NULL, '2022-11-17 08:51:00'),
(490, 'เบาะลมช่วยชีวิต', 2, 124, 'ชุด', 1, NULL, '2022-11-17 08:51:00'),
(491, 'Rescue Tripod', 2, 124, 'ชุด', 1, NULL, '2022-11-17 08:51:00'),
(492, 'Rescue Tripod', 2, 124, 'ชุด', 1, NULL, '2022-11-17 08:51:00'),
(493, 'ชุดเครื่องมือ/อุปกรณ์กู้ภัยด้วยเชือก', 2, 124, 'ชุด', 1, NULL, '2022-11-17 08:51:00'),
(494, 'ชุดเครื่องมือ/อุปกรณ์กู้ภัยทางสูงในอาคาร', 2, 124, 'ชุด', 1, NULL, '2022-11-17 08:51:00');

-- --------------------------------------------------------

--
-- Table structure for table `province`
--

CREATE TABLE `province` (
  `id` int(11) NOT NULL,
  `code` varchar(10) NOT NULL,
  `name` varchar(100) NOT NULL,
  `name_en` varchar(100) NOT NULL,
  `zone_id` int(11) NOT NULL,
  `status` int(1) NOT NULL DEFAULT 1,
  `updated` datetime DEFAULT NULL,
  `created` datetime NOT NULL DEFAULT current_timestamp()
) ENGINE=InnoDB DEFAULT CHARSET=utf8mb4;

--
-- Dumping data for table `province`
--

INSERT INTO `province` (`id`, `code`, `name`, `name_en`, `zone_id`, `status`, `updated`, `created`) VALUES
(1, '10', 'กรุงเทพมหานคร', 'Bangkok', 0, 1, '2021-12-14 14:49:10', '2021-12-14 14:49:10'),
(2, '11', 'สมุทรปราการ', 'Samut Prakan', 1, 1, '2022-04-18 04:48:33', '2021-12-14 14:49:10'),
(3, '12', 'นนทบุรี', 'Nonthaburi', 1, 1, '2021-12-15 11:47:50', '2021-12-14 14:49:10'),
(4, '13', 'ปทุมธานี', 'Pathum Thani', 1, 1, '2021-12-14 14:49:10', '2021-12-14 14:49:10'),
(5, '14', 'พระนครศรีอยุธยา', 'Phra Nakhon Si Ayutthaya', 2, 1, '2021-12-14 14:49:10', '2021-12-14 14:49:10'),
(6, '15', 'อ่างทอง', 'Ang Thong', 2, 1, '2021-12-14 14:49:10', '2021-12-14 14:49:10'),
(7, '16', 'ลพบุรี', 'Loburi', 16, 1, '2021-12-14 14:49:10', '2021-12-14 14:49:10'),
(8, '17', 'สิงห์บุรี', 'Sing Buri', 16, 1, '2021-12-14 14:49:10', '2021-12-14 14:49:10'),
(9, '18', 'ชัยนาท', 'Chai Nat', 16, 1, '2021-12-14 14:49:10', '2021-12-14 14:49:10'),
(10, '19', 'สระบุรี', 'Saraburi', 3, 1, '2021-12-14 14:49:10', '2021-12-14 14:49:10'),
(11, '20', 'ชลบุรี', 'Chon Buri', 17, 1, '2021-12-14 14:49:10', '2021-12-14 14:49:10'),
(12, '21', 'ระยอง', 'Rayong', 17, 1, '2021-12-14 14:49:10', '2021-12-14 14:49:10'),
(13, '22', 'จันทบุรี', 'Chanthaburi', 17, 1, '2021-12-14 14:49:10', '2021-12-14 14:49:10'),
(14, '23', 'ตราด', 'Trat', 17, 1, '2021-12-14 14:49:10', '2021-12-14 14:49:10'),
(15, '24', 'ฉะเชิงเทรา', 'Chachoengsao', 3, 1, '2021-12-14 14:49:10', '2021-12-14 14:49:10'),
(16, '25', 'ปราจีนบุรี', 'Prachin Buri', 3, 1, '2021-12-14 14:49:10', '2021-12-14 14:49:10'),
(17, '26', 'นครนายก', 'Nakhon Nayok', 3, 1, '2021-12-14 14:49:10', '2021-12-14 14:49:10'),
(18, '27', 'สระแก้ว', 'Sa Kaeo', 3, 1, '2021-12-14 14:49:10', '2021-12-14 14:49:10'),
(19, '30', 'นครราชสีมา', 'Nakhon Ratchasima', 5, 1, '2021-12-14 14:49:10', '2021-12-14 14:49:10'),
(20, '31', 'บุรีรัมย์', 'Buri Ram', 5, 1, '2021-12-14 14:49:10', '2021-12-14 14:49:10'),
(21, '32', 'สุรินทร์', 'Surin', 5, 1, '2021-12-14 14:49:10', '2021-12-14 14:49:10'),
(22, '33', 'ศรีสะเกษ', 'Si Sa Ket', 13, 1, '2021-12-14 14:49:10', '2021-12-14 14:49:10'),
(23, '34', 'อุบลราชธานี', 'Ubon Ratchathani', 13, 1, '2021-12-14 14:49:10', '2021-12-14 14:49:10'),
(24, '35', 'ยโสธร', 'Yasothon', 13, 1, '2021-12-14 14:49:10', '2021-12-14 14:49:10'),
(25, '36', 'ชัยภูมิ', 'Chaiyaphum', 5, 1, '2021-12-14 14:49:10', '2021-12-14 14:49:10'),
(26, '37', 'อำนาจเจริญ', 'Amnat Charoen', 13, 1, '2021-12-14 14:49:10', '2021-12-14 14:49:10'),
(27, '39', 'หนองบัวลำภู', 'Nong Bua Lam Phu', 14, 1, '2021-12-14 14:49:10', '2021-12-14 14:49:10'),
(28, '40', 'ขอนแก่น', 'Khon Kaen', 6, 1, '2021-12-14 14:49:10', '2021-12-14 14:49:10'),
(29, '41', 'อุดรธานี', 'Udon Thani', 14, 1, '2021-12-14 14:49:10', '2021-12-14 14:49:10'),
(30, '42', 'เลย', 'Loei', 14, 1, '2021-12-14 14:49:10', '2021-12-14 14:49:10'),
(31, '43', 'หนองคาย', 'Nong Khai', 14, 1, '2021-12-14 14:49:10', '2021-12-14 14:49:10'),
(32, '44', 'มหาสารคาม', 'Maha Sarakham', 6, 1, '2021-12-14 14:49:10', '2021-12-14 14:49:10'),
(33, '45', 'ร้อยเอ็ด', 'Roi Et', 6, 1, '2021-12-14 14:49:10', '2021-12-14 14:49:10'),
(34, '46', 'กาฬสินธุ์', 'Kalasin', 6, 1, '2021-12-14 14:49:10', '2021-12-14 14:49:10'),
(35, '47', 'สกลนคร', 'Sakon Nakhon', 7, 1, '2021-12-14 14:49:10', '2021-12-14 14:49:10'),
(36, '48', 'นครพนม', 'Nakhon Phanom', 7, 1, '2021-12-14 14:49:10', '2021-12-14 14:49:10'),
(37, '49', 'มุกดาหาร', 'Mukdahan', 7, 1, '2021-12-14 14:49:10', '2021-12-14 14:49:10'),
(38, '50', 'เชียงใหม่', 'Chiang Mai', 10, 1, '2021-12-14 14:49:10', '2021-12-14 14:49:10'),
(39, '51', 'ลำพูน', 'Lamphun', 10, 1, '2021-12-14 14:49:10', '2021-12-14 14:49:10'),
(40, '52', 'ลำปาง', 'Lampang', 10, 1, '2021-12-14 14:49:10', '2021-12-14 14:49:10'),
(41, '53', 'อุตรดิตถ์', 'Uttaradit', 9, 1, '2021-12-14 14:49:10', '2021-12-14 14:49:10'),
(42, '54', 'แพร่', 'Phrae', 15, 1, '2021-12-14 14:49:10', '2021-12-14 14:49:10'),
(43, '55', 'น่าน', 'Nan', 15, 1, '2021-12-14 14:49:10', '2021-12-14 14:49:10'),
(44, '56', 'พะเยา', 'Phayao', 15, 1, '2021-12-14 14:49:10', '2021-12-14 14:49:10'),
(45, '57', 'เชียงราย', 'Chiang Rai', 15, 1, '2021-12-14 14:49:10', '2021-12-14 14:49:10'),
(46, '58', 'แม่ฮ่องสอน', 'Mae Hong Son', 10, 1, '2021-12-14 14:49:10', '2021-12-14 14:49:10'),
(47, '60', 'นครสวรรค์', 'Nakhon Sawan', 8, 1, '2021-12-14 14:49:10', '2021-12-14 14:49:10'),
(48, '61', 'อุทัยธานี', 'Uthai Thani', 16, 1, '2021-12-14 14:49:10', '2021-12-14 14:49:10'),
(49, '62', 'กำแพงเพชร', 'Kamphaeng Phet', 8, 1, '2021-12-14 14:49:10', '2021-12-14 14:49:10'),
(50, '63', 'ตาก', 'Tak', 8, 1, '2021-12-14 14:49:10', '2021-12-14 14:49:10'),
(51, '64', 'สุโขทัย', 'Sukhothai', 9, 1, '2021-12-14 14:49:10', '2021-12-14 14:49:10'),
(52, '65', 'พิษณุโลก', 'Phitsanulok', 9, 1, '2021-12-14 14:49:10', '2021-12-14 14:49:10'),
(53, '66', 'พิจิตร', 'Phichit', 8, 1, '2021-12-14 14:49:10', '2021-12-14 14:49:10'),
(54, '67', 'เพชรบูรณ์', 'Phetchabun', 9, 1, '2021-12-14 14:49:10', '2021-12-14 14:49:10'),
(55, '70', 'ราชบุรี', 'Ratchaburi', 4, 1, '2021-12-14 14:49:10', '2021-12-14 14:49:10'),
(56, '71', 'กาญจนบุรี', 'Kanchanaburi', 2, 1, '2021-12-14 14:49:10', '2021-12-14 14:49:10'),
(57, '72', 'สุพรรณบุรี', 'Suphan Buri', 2, 1, '2021-12-14 14:49:10', '2021-12-14 14:49:10'),
(58, '73', 'นครปฐม', 'Nakhon Pathom', 1, 1, '2021-12-14 14:49:10', '2021-12-14 14:49:10'),
(59, '74', 'สมุทรสาคร', 'Samut Sakhon', 1, 1, '2021-12-14 14:49:10', '2021-12-14 14:49:10'),
(60, '75', 'สมุทรสงคราม', 'Samut Songkhram', 4, 1, '2022-01-27 15:32:44', '2021-12-14 14:49:10'),
(61, '76', 'เพชรบุรี', 'Phetchaburi', 4, 1, '2021-12-14 14:49:10', '2021-12-14 14:49:10'),
(62, '77', 'ประจวบคีรีขันธ์', 'Prachuap Khiri Khan', 4, 1, '2021-12-14 14:49:10', '2021-12-14 14:49:10'),
(63, '80', 'นครศรีธรรมราช', 'Nakhon Si Thammarat', 11, 1, '2021-12-14 14:49:10', '2021-12-14 14:49:10'),
(64, '81', 'กระบี่', 'Krabi', 18, 1, '2021-12-14 14:49:10', '2021-12-14 14:49:10'),
(65, '82', 'พังงา', 'Phangnga', 18, 1, '2021-12-14 14:49:10', '2021-12-14 14:49:10'),
(66, '83', 'ภูเก็ต', 'Phuket', 18, 1, '2021-12-14 14:49:10', '2021-12-14 14:49:10'),
(67, '84', 'สุราษฎร์ธานี', 'Surat Thani', 11, 1, '2021-12-14 14:49:10', '2021-12-14 14:49:10'),
(68, '85', 'ระนอง', 'Ranong', 18, 1, '2021-12-14 14:49:10', '2021-12-14 14:49:10'),
(69, '86', 'ชุมพร', 'Chumphon', 11, 1, '2021-12-14 14:49:10', '2021-12-14 14:49:10'),
(70, '90', 'สงขลา', 'Songkhla', 12, 1, '2021-12-14 14:49:10', '2021-12-14 14:49:10'),
(71, '91', 'สตูล', 'Satun', 12, 1, '2021-12-14 14:49:10', '2021-12-14 14:49:10'),
(72, '92', 'ตรัง', 'Trang', 18, 1, '2021-12-14 14:49:10', '2021-12-14 14:49:10'),
(73, '93', 'พัทลุง', 'Phatthalung', 11, 1, '2021-12-14 14:49:10', '2021-12-14 14:49:10'),
(74, '94', 'ปัตตานี', 'Pattani', 12, 1, '2021-12-14 14:49:10', '2021-12-14 14:49:10'),
(75, '95', 'ยะลา', 'Yala', 12, 1, '2021-12-14 14:49:10', '2021-12-14 14:49:10'),
(76, '96', 'นราธิวาส', 'Narathiwat', 12, 1, '2021-12-14 14:49:10', '2021-12-14 14:49:10'),
(77, '38', 'บึงกาฬ', 'Buogkan', 7, 1, '2021-12-27 10:11:45', '2021-12-14 14:49:10');

-- --------------------------------------------------------

--
-- Table structure for table `request`
--

CREATE TABLE `request` (
  `id` int(11) NOT NULL,
  `type` int(1) NOT NULL,
  `user_id` int(11) NOT NULL,
  `start` date NOT NULL,
  `end` date NOT NULL,
  `text` text NOT NULL,
  `approver` int(11) DEFAULT NULL,
  `approve_text` text NOT NULL,
  `approve_datetime` datetime DEFAULT NULL,
  `status` int(1) NOT NULL DEFAULT 1,
  `updated` datetime DEFAULT NULL,
  `created` datetime NOT NULL DEFAULT current_timestamp()
) ENGINE=InnoDB DEFAULT CHARSET=utf8mb4;

--
-- Dumping data for table `request`
--

INSERT INTO `request` (`id`, `type`, `user_id`, `start`, `end`, `text`, `approver`, `approve_text`, `approve_datetime`, `status`, `updated`, `created`) VALUES
(1, 1, 37, '2022-11-01', '2022-11-30', 'ทดสอบระบบ', 6, 'ทดสอบ อนุมัติ', '2022-11-26 11:42:42', 3, '2022-11-26 11:42:11', '2022-11-22 13:00:42'),
(2, 1, 37, '2022-12-01', '2022-12-31', 'ทดสอบระบบบ', 6, 'ทดสอบบบบ ยืมเพิ่มเติม', '2022-11-28 19:37:51', 3, NULL, '2022-11-28 19:17:51');

-- --------------------------------------------------------

--
-- Table structure for table `request_item`
--

CREATE TABLE `request_item` (
  `id` int(11) NOT NULL,
  `request_id` int(11) NOT NULL,
  `item_id` int(11) NOT NULL,
  `amount` int(11) NOT NULL,
  `confirm` int(11) NOT NULL,
  `location` varchar(50) NOT NULL,
  `text` text NOT NULL,
  `remark` text NOT NULL,
  `created` datetime NOT NULL DEFAULT current_timestamp()
) ENGINE=InnoDB DEFAULT CHARSET=utf8mb4;

--
-- Dumping data for table `request_item`
--

INSERT INTO `request_item` (`id`, `request_id`, `item_id`, `amount`, `confirm`, `location`, `text`, `remark`, `created`) VALUES
(1, 1, 214, 2, 2, '13.72901753766495, 100.55879648272278', '', 'aaa', '2022-11-22 13:00:42'),
(2, 1, 215, 2, 2, '13.731246036917616, 100.540960220102', '', 'bbb', '2022-11-22 13:00:42'),
(3, 1, 216, 2, 2, '13.723232299960916, 100.55929145285572', '', 'ccc', '2022-11-22 13:00:42'),
(4, 2, 214, 3, 3, '', '', '', '2022-11-28 12:17:45'),
(5, 2, 215, 3, 3, '', '', '', '2022-11-28 12:17:45'),
(6, 2, 216, 3, 3, '', '', '', '2022-11-28 12:17:45');

-- --------------------------------------------------------

--
-- Table structure for table `setting`
--

CREATE TABLE `setting` (
  `id` int(11) NOT NULL,
  `brand` varchar(200) NOT NULL,
  `email` varchar(100) NOT NULL,
  `email_password` varchar(100) NOT NULL,
  `default_password` varchar(50) NOT NULL,
  `user_id` int(11) DEFAULT NULL,
  `updated` datetime NOT NULL DEFAULT current_timestamp()
) ENGINE=InnoDB DEFAULT CHARSET=utf8mb4;

--
-- Dumping data for table `setting`
--

INSERT INTO `setting` (`id`, `brand`, `email`, `email_password`, `default_password`, `user_id`, `updated`) VALUES
(1, 'TEST', 'mail.enotify@gmail.com', 'vccsndpqkofdfeiw', 'testtest', 1, '2022-11-17 14:10:06');

-- --------------------------------------------------------

--
-- Table structure for table `user_detail`
--

CREATE TABLE `user_detail` (
  `id` int(11) NOT NULL,
  `name` varchar(200) NOT NULL,
  `email` varchar(100) NOT NULL,
  `contact` varchar(200) NOT NULL,
  `province_code` varchar(10) DEFAULT NULL,
  `status` int(1) NOT NULL DEFAULT 1,
  `updated` datetime DEFAULT NULL,
  `created` datetime NOT NULL DEFAULT current_timestamp()
) ENGINE=InnoDB DEFAULT CHARSET=utf8mb4;

--
-- Dumping data for table `user_detail`
--

INSERT INTO `user_detail` (`id`, `name`, `email`, `contact`, `province_code`, `status`, `updated`, `created`) VALUES
(1, 'ส่วนกลาง', '', '', '', 1, '2022-11-18 15:59:55', '2022-04-19 10:13:08'),
(2, 'ศูนย์ป้องกันและบรรเทาสาธารณภัยเขต 1', '', '', '13', 1, NULL, '2022-04-19 10:13:08'),
(3, 'ศูนย์ป้องกันและบรรเทาสาธารณภัยเขต 2', '', '', '72', 1, NULL, '2022-04-19 10:13:08'),
(4, 'ศูนย์ป้องกันและบรรเทาสาธารณภัยเขต 3', '', '', '25', 1, NULL, '2022-04-19 10:13:08'),
(5, 'ศูนย์ป้องกันและบรรเทาสาธารณภัยเขต 4', '', '', '77', 1, NULL, '2022-04-19 10:13:08'),
(6, 'ศูนย์ป้องกันและบรรเทาสาธารณภัยเขต 5', '', '', '30', 1, NULL, '2022-04-19 10:13:08'),
(7, 'ศูนย์ป้องกันและบรรเทาสาธารณภัยเขต 6', '', '', '40', 1, NULL, '2022-04-19 10:13:08'),
(8, 'ศูนย์ป้องกันและบรรเทาสาธารณภัยเขต 7', '', '', '47', 1, NULL, '2022-04-19 10:13:08'),
(9, 'ศูนย์ป้องกันและบรรเทาสาธารณภัยเขต 8', '', '', '62', 1, NULL, '2022-04-19 10:13:08'),
(10, 'ศูนย์ป้องกันและบรรเทาสาธารณภัยเขต 9', '', '', '65', 1, NULL, '2022-04-19 10:13:08'),
(11, 'ศูนย์ป้องกันและบรรเทาสาธารณภัยเขต 10', '', '', '52', 1, NULL, '2022-04-19 10:13:08'),
(12, 'ศูนย์ป้องกันและบรรเทาสาธารณภัยเขต 11', '', '', '84', 1, NULL, '2022-04-19 10:13:08'),
(13, 'ศูนย์ป้องกันและบรรเทาสาธารณภัยเขต 12', '', '', '90', 1, NULL, '2022-04-19 10:13:08'),
(14, 'ศูนย์ป้องกันและบรรเทาสาธารณภัยเขต 13', '', '', '34', 1, NULL, '2022-04-19 10:13:08'),
(15, 'ศูนย์ป้องกันและบรรเทาสาธารณภัยเขต 14', '', '', '41', 1, NULL, '2022-04-19 10:13:08'),
(16, 'ศูนย์ป้องกันและบรรเทาสาธารณภัยเขต 15', '', '', '57', 1, NULL, '2022-04-19 10:13:08'),
(17, 'ศูนย์ป้องกันและบรรเทาสาธารณภัยเขต 16', '', '', '18', 1, NULL, '2022-04-19 10:13:08'),
(18, 'ศูนย์ป้องกันและบรรเทาสาธารณภัยเขต 17', '', '', '22', 1, NULL, '2022-04-19 10:13:08'),
(19, 'ศูนย์ป้องกันและบรรเทาสาธารณภัยเขต 18', '', '', '83', 1, NULL, '2022-04-19 10:13:08'),
(20, 'สำนักงานป้องกันและบรรเทาสาธารณภัย จังหวัดสมุทรปราการ', '', '', '11', 1, '2022-11-17 10:29:07', '2022-04-19 10:13:08'),
(21, 'สำนักงานป้องกันและบรรเทาสาธารณภัย จังหวัดนนทบุรี', '', '', '12', 1, NULL, '2022-04-19 10:13:08'),
(22, 'สำนักงานป้องกันและบรรเทาสาธารณภัย จังหวัดปทุมธานี', '', '', '13', 1, NULL, '2022-04-19 10:13:08'),
(23, 'สำนักงานป้องกันและบรรเทาสาธารณภัย จังหวัดพระนครศรีอยุธยา', '', '', '14', 1, NULL, '2022-04-19 10:13:08'),
(24, 'สำนักงานป้องกันและบรรเทาสาธารณภัย จังหวัดอ่างทอง', '', '', '15', 1, NULL, '2022-04-19 10:13:08'),
(25, 'สำนักงานป้องกันและบรรเทาสาธารณภัย จังหวัดลพบุรี', '', '', '16', 1, NULL, '2022-04-19 10:13:08'),
(26, 'สำนักงานป้องกันและบรรเทาสาธารณภัย จังหวัดสิงห์บุรี', '', '', '17', 1, NULL, '2022-04-19 10:13:08'),
(27, 'สำนักงานป้องกันและบรรเทาสาธารณภัย จังหวัดชัยนาท', '', '', '18', 1, NULL, '2022-04-19 10:13:08'),
(28, 'สำนักงานป้องกันและบรรเทาสาธารณภัย จังหวัดสระบุรี', '', '', '19', 1, NULL, '2022-04-19 10:13:08'),
(29, 'สำนักงานป้องกันและบรรเทาสาธารณภัย จังหวัดชลบุรี', '', '', '20', 1, NULL, '2022-04-19 10:13:08'),
(30, 'สำนักงานป้องกันและบรรเทาสาธารณภัย จังหวัดระยอง', '', '', '21', 1, NULL, '2022-04-19 10:13:08'),
(31, 'สำนักงานป้องกันและบรรเทาสาธารณภัย จังหวัดจันทบุรี', '', '', '22', 1, NULL, '2022-04-19 10:13:08'),
(32, 'สำนักงานป้องกันและบรรเทาสาธารณภัย จังหวัดตราด', '', '', '23', 1, NULL, '2022-04-19 10:13:08'),
(33, 'สำนักงานป้องกันและบรรเทาสาธารณภัย จังหวัดฉะเชิงเทรา', '', '', '24', 1, NULL, '2022-04-19 10:13:08'),
(34, 'สำนักงานป้องกันและบรรเทาสาธารณภัย จังหวัดปราจีนบุรี', '', '', '25', 1, NULL, '2022-04-19 10:13:08'),
(35, 'สำนักงานป้องกันและบรรเทาสาธารณภัย จังหวัดนครนายก', '', '', '26', 1, NULL, '2022-04-19 10:13:08'),
(36, 'สำนักงานป้องกันและบรรเทาสาธารณภัย จังหวัดสระแก้ว', '', '', '27', 1, NULL, '2022-04-19 10:13:08'),
(37, 'สำนักงานป้องกันและบรรเทาสาธารณภัย จังหวัดนครราชสีมา', '', '', '30', 1, NULL, '2022-04-19 10:13:08'),
(38, 'สำนักงานป้องกันและบรรเทาสาธารณภัย จังหวัดบุรีรัมย์', '', '', '31', 1, NULL, '2022-04-19 10:13:08'),
(39, 'สำนักงานป้องกันและบรรเทาสาธารณภัย จังหวัดสุรินทร์', '', '', '32', 1, NULL, '2022-04-19 10:13:08'),
(40, 'สำนักงานป้องกันและบรรเทาสาธารณภัย จังหวัดศรีสะเกษ', '', '', '33', 1, NULL, '2022-04-19 10:13:08'),
(41, 'สำนักงานป้องกันและบรรเทาสาธารณภัย จังหวัดอุบลราชธานี', '', '', '34', 1, NULL, '2022-04-19 10:13:08'),
(42, 'สำนักงานป้องกันและบรรเทาสาธารณภัย จังหวัดยโสธร', '', '', '35', 1, NULL, '2022-04-19 10:13:08'),
(43, 'สำนักงานป้องกันและบรรเทาสาธารณภัย จังหวัดชัยภูมิ', '', '', '36', 1, NULL, '2022-04-19 10:13:08'),
(44, 'สำนักงานป้องกันและบรรเทาสาธารณภัย จังหวัดอำนาจเจริญ', '', '', '37', 1, NULL, '2022-04-19 10:13:08'),
(45, 'สำนักงานป้องกันและบรรเทาสาธารณภัย จังหวัดบึงกาฬ', '', '', '38', 1, NULL, '2022-04-19 10:13:08'),
(46, 'สำนักงานป้องกันและบรรเทาสาธารณภัย จังหวัดหนองบัวลำภู', '', '', '39', 1, NULL, '2022-04-19 10:13:08'),
(47, 'สำนักงานป้องกันและบรรเทาสาธารณภัย จังหวัดขอนแก่น', '', '', '40', 1, NULL, '2022-04-19 10:13:08'),
(48, 'สำนักงานป้องกันและบรรเทาสาธารณภัย จังหวัดอุดรธานี', '', '', '41', 1, NULL, '2022-04-19 10:13:08'),
(49, 'สำนักงานป้องกันและบรรเทาสาธารณภัย จังหวัดเลย', '', '', '42', 1, NULL, '2022-04-19 10:13:08'),
(50, 'สำนักงานป้องกันและบรรเทาสาธารณภัย จังหวัดหนองคาย', '', '', '43', 1, NULL, '2022-04-19 10:13:08'),
(51, 'สำนักงานป้องกันและบรรเทาสาธารณภัย จังหวัดมหาสารคาม', '', '', '44', 1, NULL, '2022-04-19 10:13:08'),
(52, 'สำนักงานป้องกันและบรรเทาสาธารณภัย จังหวัดร้อยเอ็ด', '', '', '45', 1, NULL, '2022-04-19 10:13:08'),
(53, 'สำนักงานป้องกันและบรรเทาสาธารณภัย จังหวัดกาฬสินธุ์', '', '', '46', 1, NULL, '2022-04-19 10:13:08'),
(54, 'สำนักงานป้องกันและบรรเทาสาธารณภัย จังหวัดสกลนคร', '', '', '47', 1, NULL, '2022-04-19 10:13:08'),
(55, 'สำนักงานป้องกันและบรรเทาสาธารณภัย จังหวัดนครพนม', '', '', '48', 1, NULL, '2022-04-19 10:13:08'),
(56, 'สำนักงานป้องกันและบรรเทาสาธารณภัย จังหวัดมุกดาหาร', '', '', '49', 1, NULL, '2022-04-19 10:13:08'),
(57, 'สำนักงานป้องกันและบรรเทาสาธารณภัย จังหวัดเชียงใหม่', '', '', '50', 1, NULL, '2022-04-19 10:13:08'),
(58, 'สำนักงานป้องกันและบรรเทาสาธารณภัย จังหวัดลำพูน', '', '', '51', 1, NULL, '2022-04-19 10:13:08'),
(59, 'สำนักงานป้องกันและบรรเทาสาธารณภัย จังหวัดลำปาง', '', '', '52', 1, NULL, '2022-04-19 10:13:08'),
(60, 'สำนักงานป้องกันและบรรเทาสาธารณภัย จังหวัดอุตรดิตถ์', '', '', '53', 1, NULL, '2022-04-19 10:13:08'),
(61, 'สำนักงานป้องกันและบรรเทาสาธารณภัย จังหวัดแพร่', '', '', '54', 1, NULL, '2022-04-19 10:13:08'),
(62, 'สำนักงานป้องกันและบรรเทาสาธารณภัย จังหวัดน่าน', '', '', '55', 1, NULL, '2022-04-19 10:13:08'),
(63, 'สำนักงานป้องกันและบรรเทาสาธารณภัย จังหวัดพะเยา', '', '', '56', 1, NULL, '2022-04-19 10:13:08'),
(64, 'สำนักงานป้องกันและบรรเทาสาธารณภัย จังหวัดเชียงราย', '', '', '57', 1, NULL, '2022-04-19 10:13:08'),
(65, 'สำนักงานป้องกันและบรรเทาสาธารณภัย จังหวัดแม่ฮ่องสอน', '', '', '58', 1, NULL, '2022-04-19 10:13:08'),
(66, 'สำนักงานป้องกันและบรรเทาสาธารณภัย จังหวัดนครสวรรค์', '', '', '60', 1, NULL, '2022-04-19 10:13:08'),
(67, 'สำนักงานป้องกันและบรรเทาสาธารณภัย จังหวัดอุทัยธานี', '', '', '61', 1, NULL, '2022-04-19 10:13:08'),
(68, 'สำนักงานป้องกันและบรรเทาสาธารณภัย จังหวัดกำแพงเพชร', '', '', '62', 1, NULL, '2022-04-19 10:13:08'),
(69, 'สำนักงานป้องกันและบรรเทาสาธารณภัย จังหวัดตาก', '', '', '63', 1, NULL, '2022-04-19 10:13:08'),
(70, 'สำนักงานป้องกันและบรรเทาสาธารณภัย จังหวัดสุโขทัย', '', '', '64', 1, NULL, '2022-04-19 10:13:08'),
(71, 'สำนักงานป้องกันและบรรเทาสาธารณภัย จังหวัดพิษณุโลก', '', '', '65', 1, NULL, '2022-04-19 10:13:08'),
(72, 'สำนักงานป้องกันและบรรเทาสาธารณภัย จังหวัดพิจิตร', '', '', '66', 1, NULL, '2022-04-19 10:13:08'),
(73, 'สำนักงานป้องกันและบรรเทาสาธารณภัย จังหวัดเพชรบูรณ์', '', '', '67', 1, NULL, '2022-04-19 10:13:08'),
(74, 'สำนักงานป้องกันและบรรเทาสาธารณภัย จังหวัดราชบุรี', '', '', '70', 1, NULL, '2022-04-19 10:13:08'),
(75, 'สำนักงานป้องกันและบรรเทาสาธารณภัย จังหวัดกาญจนบุรี', '', '', '71', 1, NULL, '2022-04-19 10:13:08'),
(76, 'สำนักงานป้องกันและบรรเทาสาธารณภัย จังหวัดสุพรรณบุรี', '', '', '72', 1, NULL, '2022-04-19 10:13:08'),
(77, 'สำนักงานป้องกันและบรรเทาสาธารณภัย จังหวัดนครปฐม', '', '', '73', 1, NULL, '2022-04-19 10:13:08'),
(78, 'สำนักงานป้องกันและบรรเทาสาธารณภัย จังหวัดสมุทรสาคร', '', '', '74', 1, NULL, '2022-04-19 10:13:08'),
(79, 'สำนักงานป้องกันและบรรเทาสาธารณภัย จังหวัดสมุทรสงคราม', '', '', '75', 1, NULL, '2022-04-19 10:13:08'),
(80, 'สำนักงานป้องกันและบรรเทาสาธารณภัย จังหวัดเพชรบุรี', '', '', '76', 1, NULL, '2022-04-19 10:13:08'),
(81, 'สำนักงานป้องกันและบรรเทาสาธารณภัย จังหวัดประจวบคีรีขันธ์', '', '', '77', 1, NULL, '2022-04-19 10:13:08'),
(82, 'สำนักงานป้องกันและบรรเทาสาธารณภัย จังหวัดนครศรีธรรมราช', '', '', '80', 1, NULL, '2022-04-19 10:13:08'),
(83, 'สำนักงานป้องกันและบรรเทาสาธารณภัย จังหวัดกระบี่', '', '', '81', 1, NULL, '2022-04-19 10:13:08'),
(84, 'สำนักงานป้องกันและบรรเทาสาธารณภัย จังหวัดพังงา', '', '', '82', 1, NULL, '2022-04-19 10:13:08'),
(85, 'สำนักงานป้องกันและบรรเทาสาธารณภัย จังหวัดภูเก็ต', '', '', '83', 1, NULL, '2022-04-19 10:13:08'),
(86, 'สำนักงานป้องกันและบรรเทาสาธารณภัย จังหวัดสุราษฎร์ธานี', '', '', '84', 1, NULL, '2022-04-19 10:13:08'),
(87, 'สำนักงานป้องกันและบรรเทาสาธารณภัย จังหวัดระนอง', '', '', '85', 1, NULL, '2022-04-19 10:13:08'),
(88, 'สำนักงานป้องกันและบรรเทาสาธารณภัย จังหวัดชุมพร', '', '', '86', 1, NULL, '2022-04-19 10:13:08'),
(89, 'สำนักงานป้องกันและบรรเทาสาธารณภัย จังหวัดสงขลา', '', '', '90', 1, NULL, '2022-04-19 10:13:08'),
(90, 'สำนักงานป้องกันและบรรเทาสาธารณภัย จังหวัดสตูล', '', '', '91', 1, NULL, '2022-04-19 10:13:08'),
(91, 'สำนักงานป้องกันและบรรเทาสาธารณภัย จังหวัดตรัง', '', '', '92', 1, NULL, '2022-04-19 10:13:08'),
(92, 'สำนักงานป้องกันและบรรเทาสาธารณภัย จังหวัดพัทลุง', '', '', '93', 1, NULL, '2022-04-19 10:13:08'),
(93, 'สำนักงานป้องกันและบรรเทาสาธารณภัย จังหวัดปัตตานี', '', '', '94', 1, NULL, '2022-04-19 10:13:08'),
(94, 'สำนักงานป้องกันและบรรเทาสาธารณภัย จังหวัดยะลา', '', '', '95', 1, NULL, '2022-04-19 10:13:08'),
(95, 'สำนักงานป้องกันและบรรเทาสาธารณภัย จังหวัดนราธิวาส', '', '', '96', 1, NULL, '2022-04-19 10:13:08'),
(96, 'Super Administrator', '', '', '', 1, NULL, '2022-04-19 10:13:08');

-- --------------------------------------------------------

--
-- Table structure for table `user_item`
--

CREATE TABLE `user_item` (
  `id` int(11) NOT NULL,
  `user_id` int(11) NOT NULL,
  `text` text NOT NULL,
  `item_id` int(11) NOT NULL,
  `amount` int(11) NOT NULL,
  `remark` varchar(200) NOT NULL,
  `status` int(11) NOT NULL DEFAULT 1,
  `created` datetime NOT NULL DEFAULT current_timestamp()
) ENGINE=InnoDB DEFAULT CHARSET=utf8mb4;

--
-- Dumping data for table `user_item`
--

INSERT INTO `user_item` (`id`, `user_id`, `text`, `item_id`, `amount`, `remark`, `status`, `created`) VALUES
(1, 37, '', 214, 6, '', 1, '2022-11-21 12:35:25'),
(2, 37, '', 215, 3, '', 1, '2022-11-21 12:35:25'),
(3, 37, '', 216, 16, '', 1, '2022-11-21 12:35:25'),
(4, 38, '', 214, 14, '', 1, '2022-11-21 12:36:32'),
(5, 38, '', 215, 2, '', 1, '2022-11-21 12:36:32'),
(6, 38, '', 216, 6, '', 1, '2022-11-21 12:36:32'),
(7, 39, '', 214, 7, '', 1, '2022-11-21 12:37:07'),
(8, 39, '', 215, 15, '', 1, '2022-11-21 12:37:07'),
(9, 39, '', 216, 15, '', 1, '2022-11-21 12:37:07'),
(10, 43, '', 214, 11, '', 1, '2022-11-21 12:38:08'),
(11, 43, '', 215, 10, '', 1, '2022-11-21 12:38:08'),
(12, 43, '', 216, 17, '', 1, '2022-11-21 12:38:08'),
(13, 6, '', 214, 16, '', 1, '2022-11-21 12:40:29'),
(14, 6, '', 215, 9, '', 1, '2022-11-21 12:40:29'),
(15, 6, '', 216, 16, '', 1, '2022-11-21 12:40:29');

-- --------------------------------------------------------

--
-- Table structure for table `user_login`
--

CREATE TABLE `user_login` (
  `id` int(11) NOT NULL,
  `user_id` int(11) NOT NULL,
  `name` varchar(30) NOT NULL,
  `password` varchar(100) NOT NULL,
  `level` int(1) NOT NULL DEFAULT 1,
  `updated` datetime DEFAULT NULL,
  `created` datetime NOT NULL DEFAULT current_timestamp()
) ENGINE=InnoDB DEFAULT CHARSET=utf8mb4;

--
-- Dumping data for table `user_login`
--

INSERT INTO `user_login` (`id`, `user_id`, `name`, `password`, `level`, `updated`, `created`) VALUES
(1, 1, 'A001', '$2y$15$ceb20772e0c9d240c75ebuYPZe3O93D5pXqRs/8RfepbQy0LIA8dK', 9, '2022-11-17 10:03:52', '2022-04-19 10:15:38'),
(2, 2, 'D001', '$2y$15$ceb20772e0c9d240c75ebuYPZe3O93D5pXqRs/8RfepbQy0LIA8dK', 2, NULL, '2022-04-19 10:15:38'),
(3, 3, 'D002', '$2y$15$ceb20772e0c9d240c75ebuYPZe3O93D5pXqRs/8RfepbQy0LIA8dK', 2, NULL, '2022-04-19 10:15:38'),
(4, 4, 'D003', '$2y$15$ceb20772e0c9d240c75ebuYPZe3O93D5pXqRs/8RfepbQy0LIA8dK', 2, NULL, '2022-04-19 10:15:38'),
(5, 5, 'D004', '$2y$15$ceb20772e0c9d240c75ebuYPZe3O93D5pXqRs/8RfepbQy0LIA8dK', 2, NULL, '2022-04-19 10:15:38'),
(6, 6, 'D005', '$2y$15$ceb20772e0c9d240c75ebuYPZe3O93D5pXqRs/8RfepbQy0LIA8dK', 2, NULL, '2022-04-19 10:15:38'),
(7, 7, 'D006', '$2y$15$ceb20772e0c9d240c75ebuYPZe3O93D5pXqRs/8RfepbQy0LIA8dK', 2, NULL, '2022-04-19 10:15:38'),
(8, 8, 'D007', '$2y$15$ceb20772e0c9d240c75ebuYPZe3O93D5pXqRs/8RfepbQy0LIA8dK', 2, NULL, '2022-04-19 10:15:38'),
(9, 9, 'D008', '$2y$15$ceb20772e0c9d240c75ebuYPZe3O93D5pXqRs/8RfepbQy0LIA8dK', 2, NULL, '2022-04-19 10:15:38'),
(10, 10, 'D009', '$2y$15$ceb20772e0c9d240c75ebuYPZe3O93D5pXqRs/8RfepbQy0LIA8dK', 2, NULL, '2022-04-19 10:15:38'),
(11, 11, 'D010', '$2y$15$ceb20772e0c9d240c75ebuYPZe3O93D5pXqRs/8RfepbQy0LIA8dK', 2, NULL, '2022-04-19 10:15:38'),
(12, 12, 'D011', '$2y$15$ceb20772e0c9d240c75ebuYPZe3O93D5pXqRs/8RfepbQy0LIA8dK', 2, NULL, '2022-04-19 10:15:38'),
(13, 13, 'D012', '$2y$15$ceb20772e0c9d240c75ebuYPZe3O93D5pXqRs/8RfepbQy0LIA8dK', 2, NULL, '2022-04-19 10:15:38'),
(14, 14, 'D013', '$2y$15$ceb20772e0c9d240c75ebuYPZe3O93D5pXqRs/8RfepbQy0LIA8dK', 2, NULL, '2022-04-19 10:15:38'),
(15, 15, 'D014', '$2y$15$ceb20772e0c9d240c75ebuYPZe3O93D5pXqRs/8RfepbQy0LIA8dK', 2, NULL, '2022-04-19 10:15:38'),
(16, 16, 'D015', '$2y$15$ceb20772e0c9d240c75ebuYPZe3O93D5pXqRs/8RfepbQy0LIA8dK', 2, NULL, '2022-04-19 10:15:38'),
(17, 17, 'D016', '$2y$15$ceb20772e0c9d240c75ebuYPZe3O93D5pXqRs/8RfepbQy0LIA8dK', 2, NULL, '2022-04-19 10:15:38'),
(18, 18, 'D017', '$2y$15$ceb20772e0c9d240c75ebuYPZe3O93D5pXqRs/8RfepbQy0LIA8dK', 2, NULL, '2022-04-19 10:15:38'),
(19, 19, 'D018', '$2y$15$ceb20772e0c9d240c75ebuYPZe3O93D5pXqRs/8RfepbQy0LIA8dK', 2, NULL, '2022-04-19 10:15:38'),
(20, 20, 'P011', '$2y$15$ceb20772e0c9d240c75ebuYPZe3O93D5pXqRs/8RfepbQy0LIA8dK', 1, NULL, '2022-04-19 10:15:38'),
(21, 21, 'P012', '$2y$15$ceb20772e0c9d240c75ebuYPZe3O93D5pXqRs/8RfepbQy0LIA8dK', 1, NULL, '2022-04-19 10:15:38'),
(22, 22, 'P013', '$2y$15$ceb20772e0c9d240c75ebuYPZe3O93D5pXqRs/8RfepbQy0LIA8dK', 1, NULL, '2022-04-19 10:15:38'),
(23, 23, 'P014', '$2y$15$ceb20772e0c9d240c75ebuYPZe3O93D5pXqRs/8RfepbQy0LIA8dK', 1, NULL, '2022-04-19 10:15:38'),
(24, 24, 'P015', '$2y$15$ceb20772e0c9d240c75ebuYPZe3O93D5pXqRs/8RfepbQy0LIA8dK', 1, NULL, '2022-04-19 10:15:38'),
(25, 25, 'P016', '$2y$15$ceb20772e0c9d240c75ebuYPZe3O93D5pXqRs/8RfepbQy0LIA8dK', 1, NULL, '2022-04-19 10:15:38'),
(26, 26, 'P017', '$2y$15$ceb20772e0c9d240c75ebuYPZe3O93D5pXqRs/8RfepbQy0LIA8dK', 1, NULL, '2022-04-19 10:15:38'),
(27, 27, 'P018', '$2y$15$ceb20772e0c9d240c75ebuYPZe3O93D5pXqRs/8RfepbQy0LIA8dK', 1, NULL, '2022-04-19 10:15:38'),
(28, 28, 'P019', '$2y$15$ceb20772e0c9d240c75ebuYPZe3O93D5pXqRs/8RfepbQy0LIA8dK', 1, NULL, '2022-04-19 10:15:38'),
(29, 29, 'P020', '$2y$15$ceb20772e0c9d240c75ebuYPZe3O93D5pXqRs/8RfepbQy0LIA8dK', 1, NULL, '2022-04-19 10:15:38'),
(30, 30, 'P021', '$2y$15$ceb20772e0c9d240c75ebuYPZe3O93D5pXqRs/8RfepbQy0LIA8dK', 1, NULL, '2022-04-19 10:15:38'),
(31, 31, 'P022', '$2y$15$ceb20772e0c9d240c75ebuYPZe3O93D5pXqRs/8RfepbQy0LIA8dK', 1, NULL, '2022-04-19 10:15:38'),
(32, 32, 'P023', '$2y$15$ceb20772e0c9d240c75ebuYPZe3O93D5pXqRs/8RfepbQy0LIA8dK', 1, NULL, '2022-04-19 10:15:38'),
(33, 33, 'P024', '$2y$15$ceb20772e0c9d240c75ebuYPZe3O93D5pXqRs/8RfepbQy0LIA8dK', 1, NULL, '2022-04-19 10:15:38'),
(34, 34, 'P025', '$2y$15$ceb20772e0c9d240c75ebuYPZe3O93D5pXqRs/8RfepbQy0LIA8dK', 1, NULL, '2022-04-19 10:15:38'),
(35, 35, 'P026', '$2y$15$ceb20772e0c9d240c75ebuYPZe3O93D5pXqRs/8RfepbQy0LIA8dK', 1, NULL, '2022-04-19 10:15:38'),
(36, 36, 'P027', '$2y$15$ceb20772e0c9d240c75ebuYPZe3O93D5pXqRs/8RfepbQy0LIA8dK', 1, NULL, '2022-04-19 10:15:38'),
(37, 37, 'P030', '$2y$15$ceb20772e0c9d240c75ebuYPZe3O93D5pXqRs/8RfepbQy0LIA8dK', 1, NULL, '2022-04-19 10:15:38'),
(38, 38, 'P031', '$2y$15$ceb20772e0c9d240c75ebuYPZe3O93D5pXqRs/8RfepbQy0LIA8dK', 1, NULL, '2022-04-19 10:15:38'),
(39, 39, 'P032', '$2y$15$ceb20772e0c9d240c75ebuYPZe3O93D5pXqRs/8RfepbQy0LIA8dK', 1, NULL, '2022-04-19 10:15:38'),
(40, 40, 'P033', '$2y$15$ceb20772e0c9d240c75ebuYPZe3O93D5pXqRs/8RfepbQy0LIA8dK', 1, NULL, '2022-04-19 10:15:38'),
(41, 41, 'P034', '$2y$15$ceb20772e0c9d240c75ebuYPZe3O93D5pXqRs/8RfepbQy0LIA8dK', 1, NULL, '2022-04-19 10:15:38'),
(42, 42, 'P035', '$2y$15$ceb20772e0c9d240c75ebuYPZe3O93D5pXqRs/8RfepbQy0LIA8dK', 1, NULL, '2022-04-19 10:15:38'),
(43, 43, 'P036', '$2y$15$ceb20772e0c9d240c75ebuYPZe3O93D5pXqRs/8RfepbQy0LIA8dK', 1, NULL, '2022-04-19 10:15:38'),
(44, 44, 'P037', '$2y$15$ceb20772e0c9d240c75ebuYPZe3O93D5pXqRs/8RfepbQy0LIA8dK', 1, NULL, '2022-04-19 10:15:38'),
(45, 45, 'P038', '$2y$15$ceb20772e0c9d240c75ebuYPZe3O93D5pXqRs/8RfepbQy0LIA8dK', 1, NULL, '2022-04-19 10:15:38'),
(46, 46, 'P039', '$2y$15$ceb20772e0c9d240c75ebuYPZe3O93D5pXqRs/8RfepbQy0LIA8dK', 1, NULL, '2022-04-19 10:15:38'),
(47, 47, 'P040', '$2y$15$ceb20772e0c9d240c75ebuYPZe3O93D5pXqRs/8RfepbQy0LIA8dK', 1, NULL, '2022-04-19 10:15:38'),
(48, 48, 'P041', '$2y$15$ceb20772e0c9d240c75ebuYPZe3O93D5pXqRs/8RfepbQy0LIA8dK', 1, NULL, '2022-04-19 10:15:38'),
(49, 49, 'P042', '$2y$15$ceb20772e0c9d240c75ebuYPZe3O93D5pXqRs/8RfepbQy0LIA8dK', 1, NULL, '2022-04-19 10:15:38'),
(50, 50, 'P043', '$2y$15$ceb20772e0c9d240c75ebuYPZe3O93D5pXqRs/8RfepbQy0LIA8dK', 1, NULL, '2022-04-19 10:15:38'),
(51, 51, 'P044', '$2y$15$ceb20772e0c9d240c75ebuYPZe3O93D5pXqRs/8RfepbQy0LIA8dK', 1, NULL, '2022-04-19 10:15:38'),
(52, 52, 'P045', '$2y$15$ceb20772e0c9d240c75ebuYPZe3O93D5pXqRs/8RfepbQy0LIA8dK', 1, NULL, '2022-04-19 10:15:38'),
(53, 53, 'P046', '$2y$15$ceb20772e0c9d240c75ebuYPZe3O93D5pXqRs/8RfepbQy0LIA8dK', 1, NULL, '2022-04-19 10:15:38'),
(54, 54, 'P047', '$2y$15$ceb20772e0c9d240c75ebuYPZe3O93D5pXqRs/8RfepbQy0LIA8dK', 1, NULL, '2022-04-19 10:15:38'),
(55, 55, 'P048', '$2y$15$ceb20772e0c9d240c75ebuYPZe3O93D5pXqRs/8RfepbQy0LIA8dK', 1, NULL, '2022-04-19 10:15:38'),
(56, 56, 'P049', '$2y$15$ceb20772e0c9d240c75ebuYPZe3O93D5pXqRs/8RfepbQy0LIA8dK', 1, NULL, '2022-04-19 10:15:38'),
(57, 57, 'P050', '$2y$15$ceb20772e0c9d240c75ebuYPZe3O93D5pXqRs/8RfepbQy0LIA8dK', 1, NULL, '2022-04-19 10:15:38'),
(58, 58, 'P051', '$2y$15$ceb20772e0c9d240c75ebuYPZe3O93D5pXqRs/8RfepbQy0LIA8dK', 1, NULL, '2022-04-19 10:15:38'),
(59, 59, 'P052', '$2y$15$ceb20772e0c9d240c75ebuYPZe3O93D5pXqRs/8RfepbQy0LIA8dK', 1, NULL, '2022-04-19 10:15:38'),
(60, 60, 'P053', '$2y$15$ceb20772e0c9d240c75ebuYPZe3O93D5pXqRs/8RfepbQy0LIA8dK', 1, NULL, '2022-04-19 10:15:38'),
(61, 61, 'P054', '$2y$15$ceb20772e0c9d240c75ebuYPZe3O93D5pXqRs/8RfepbQy0LIA8dK', 1, NULL, '2022-04-19 10:15:38'),
(62, 62, 'P055', '$2y$15$ceb20772e0c9d240c75ebuYPZe3O93D5pXqRs/8RfepbQy0LIA8dK', 1, NULL, '2022-04-19 10:15:38'),
(63, 63, 'P056', '$2y$15$ceb20772e0c9d240c75ebuYPZe3O93D5pXqRs/8RfepbQy0LIA8dK', 1, NULL, '2022-04-19 10:15:38'),
(64, 64, 'P057', '$2y$15$ceb20772e0c9d240c75ebuYPZe3O93D5pXqRs/8RfepbQy0LIA8dK', 1, NULL, '2022-04-19 10:15:38'),
(65, 65, 'P058', '$2y$15$ceb20772e0c9d240c75ebuYPZe3O93D5pXqRs/8RfepbQy0LIA8dK', 1, NULL, '2022-04-19 10:15:38'),
(66, 66, 'P060', '$2y$15$ceb20772e0c9d240c75ebuYPZe3O93D5pXqRs/8RfepbQy0LIA8dK', 1, NULL, '2022-04-19 10:15:38'),
(67, 67, 'P061', '$2y$15$ceb20772e0c9d240c75ebuYPZe3O93D5pXqRs/8RfepbQy0LIA8dK', 1, NULL, '2022-04-19 10:15:38'),
(68, 68, 'P062', '$2y$15$ceb20772e0c9d240c75ebuYPZe3O93D5pXqRs/8RfepbQy0LIA8dK', 1, NULL, '2022-04-19 10:15:38'),
(69, 69, 'P063', '$2y$15$ceb20772e0c9d240c75ebuYPZe3O93D5pXqRs/8RfepbQy0LIA8dK', 1, NULL, '2022-04-19 10:15:38'),
(70, 70, 'P064', '$2y$15$ceb20772e0c9d240c75ebuYPZe3O93D5pXqRs/8RfepbQy0LIA8dK', 1, NULL, '2022-04-19 10:15:38'),
(71, 71, 'P065', '$2y$15$ceb20772e0c9d240c75ebuYPZe3O93D5pXqRs/8RfepbQy0LIA8dK', 1, NULL, '2022-04-19 10:15:38'),
(72, 72, 'P066', '$2y$15$ceb20772e0c9d240c75ebuYPZe3O93D5pXqRs/8RfepbQy0LIA8dK', 1, NULL, '2022-04-19 10:15:38'),
(73, 73, 'P067', '$2y$15$ceb20772e0c9d240c75ebuYPZe3O93D5pXqRs/8RfepbQy0LIA8dK', 1, NULL, '2022-04-19 10:15:38'),
(74, 74, 'P070', '$2y$15$ceb20772e0c9d240c75ebuYPZe3O93D5pXqRs/8RfepbQy0LIA8dK', 1, NULL, '2022-04-19 10:15:38'),
(75, 75, 'P071', '$2y$15$ceb20772e0c9d240c75ebuYPZe3O93D5pXqRs/8RfepbQy0LIA8dK', 1, NULL, '2022-04-19 10:15:38'),
(76, 76, 'P072', '$2y$15$ceb20772e0c9d240c75ebuYPZe3O93D5pXqRs/8RfepbQy0LIA8dK', 1, NULL, '2022-04-19 10:15:38'),
(77, 77, 'P073', '$2y$15$ceb20772e0c9d240c75ebuYPZe3O93D5pXqRs/8RfepbQy0LIA8dK', 1, NULL, '2022-04-19 10:15:38'),
(78, 78, 'P074', '$2y$15$ceb20772e0c9d240c75ebuYPZe3O93D5pXqRs/8RfepbQy0LIA8dK', 1, NULL, '2022-04-19 10:15:38'),
(79, 79, 'P075', '$2y$15$ceb20772e0c9d240c75ebuYPZe3O93D5pXqRs/8RfepbQy0LIA8dK', 1, NULL, '2022-04-19 10:15:38'),
(80, 80, 'P076', '$2y$15$ceb20772e0c9d240c75ebuYPZe3O93D5pXqRs/8RfepbQy0LIA8dK', 1, NULL, '2022-04-19 10:15:38'),
(81, 81, 'P077', '$2y$15$ceb20772e0c9d240c75ebuYPZe3O93D5pXqRs/8RfepbQy0LIA8dK', 1, NULL, '2022-04-19 10:15:38'),
(82, 82, 'P080', '$2y$15$ceb20772e0c9d240c75ebuYPZe3O93D5pXqRs/8RfepbQy0LIA8dK', 1, NULL, '2022-04-19 10:15:38'),
(83, 83, 'P081', '$2y$15$ceb20772e0c9d240c75ebuYPZe3O93D5pXqRs/8RfepbQy0LIA8dK', 1, NULL, '2022-04-19 10:15:38'),
(84, 84, 'P082', '$2y$15$ceb20772e0c9d240c75ebuYPZe3O93D5pXqRs/8RfepbQy0LIA8dK', 1, NULL, '2022-04-19 10:15:38'),
(85, 85, 'P083', '$2y$15$ceb20772e0c9d240c75ebuYPZe3O93D5pXqRs/8RfepbQy0LIA8dK', 1, NULL, '2022-04-19 10:15:38'),
(86, 86, 'P084', '$2y$15$ceb20772e0c9d240c75ebuYPZe3O93D5pXqRs/8RfepbQy0LIA8dK', 1, NULL, '2022-04-19 10:15:38'),
(87, 87, 'P085', '$2y$15$ceb20772e0c9d240c75ebuYPZe3O93D5pXqRs/8RfepbQy0LIA8dK', 1, NULL, '2022-04-19 10:15:38'),
(88, 88, 'P086', '$2y$15$ceb20772e0c9d240c75ebuYPZe3O93D5pXqRs/8RfepbQy0LIA8dK', 1, NULL, '2022-04-19 10:15:38'),
(89, 89, 'P090', '$2y$15$ceb20772e0c9d240c75ebuYPZe3O93D5pXqRs/8RfepbQy0LIA8dK', 1, NULL, '2022-04-19 10:15:38'),
(90, 90, 'P091', '$2y$15$ceb20772e0c9d240c75ebuYPZe3O93D5pXqRs/8RfepbQy0LIA8dK', 1, NULL, '2022-04-19 10:15:38'),
(91, 91, 'P092', '$2y$15$ceb20772e0c9d240c75ebuYPZe3O93D5pXqRs/8RfepbQy0LIA8dK', 1, NULL, '2022-04-19 10:15:38'),
(92, 92, 'P093', '$2y$15$ceb20772e0c9d240c75ebuYPZe3O93D5pXqRs/8RfepbQy0LIA8dK', 1, NULL, '2022-04-19 10:15:38'),
(93, 93, 'P094', '$2y$15$ceb20772e0c9d240c75ebuYPZe3O93D5pXqRs/8RfepbQy0LIA8dK', 1, NULL, '2022-04-19 10:15:38'),
(94, 94, 'P095', '$2y$15$ceb20772e0c9d240c75ebuYPZe3O93D5pXqRs/8RfepbQy0LIA8dK', 1, NULL, '2022-04-19 10:15:38'),
(95, 95, 'P096', '$2y$15$ceb20772e0c9d240c75ebuYPZe3O93D5pXqRs/8RfepbQy0LIA8dK', 1, NULL, '2022-04-19 10:15:38'),
(96, 96, 'A002', '$2y$15$ceb20772e0c9d240c75ebuYPZe3O93D5pXqRs/8RfepbQy0LIA8dK', 9, NULL, '2022-04-19 10:15:38');

--
-- Indexes for dumped tables
--

--
-- Indexes for table `item`
--
ALTER TABLE `item`
  ADD PRIMARY KEY (`id`);

--
-- Indexes for table `province`
--
ALTER TABLE `province`
  ADD PRIMARY KEY (`id`),
  ADD KEY `province_code` (`code`);

--
-- Indexes for table `request`
--
ALTER TABLE `request`
  ADD PRIMARY KEY (`id`);

--
-- Indexes for table `request_item`
--
ALTER TABLE `request_item`
  ADD PRIMARY KEY (`id`);

--
-- Indexes for table `setting`
--
ALTER TABLE `setting`
  ADD UNIQUE KEY `id` (`id`);

--
-- Indexes for table `user_detail`
--
ALTER TABLE `user_detail`
  ADD PRIMARY KEY (`id`) USING BTREE,
  ADD KEY `province_code` (`province_code`) USING BTREE;

--
-- Indexes for table `user_item`
--
ALTER TABLE `user_item`
  ADD PRIMARY KEY (`id`),
  ADD KEY `user_id` (`user_id`),
  ADD KEY `item_id` (`item_id`);

--
-- Indexes for table `user_login`
--
ALTER TABLE `user_login`
  ADD PRIMARY KEY (`id`) USING BTREE,
  ADD KEY `user_id` (`user_id`);

--
-- AUTO_INCREMENT for dumped tables
--

--
-- AUTO_INCREMENT for table `item`
--
ALTER TABLE `item`
  MODIFY `id` int(11) NOT NULL AUTO_INCREMENT, AUTO_INCREMENT=498;

--
-- AUTO_INCREMENT for table `province`
--
ALTER TABLE `province`
  MODIFY `id` int(11) NOT NULL AUTO_INCREMENT, AUTO_INCREMENT=78;

--
-- AUTO_INCREMENT for table `request`
--
ALTER TABLE `request`
  MODIFY `id` int(11) NOT NULL AUTO_INCREMENT, AUTO_INCREMENT=3;

--
-- AUTO_INCREMENT for table `request_item`
--
ALTER TABLE `request_item`
  MODIFY `id` int(11) NOT NULL AUTO_INCREMENT, AUTO_INCREMENT=7;

--
-- AUTO_INCREMENT for table `user_detail`
--
ALTER TABLE `user_detail`
  MODIFY `id` int(11) NOT NULL AUTO_INCREMENT, AUTO_INCREMENT=97;

--
-- AUTO_INCREMENT for table `user_item`
--
ALTER TABLE `user_item`
  MODIFY `id` int(11) NOT NULL AUTO_INCREMENT, AUTO_INCREMENT=16;

--
-- AUTO_INCREMENT for table `user_login`
--
ALTER TABLE `user_login`
  MODIFY `id` int(11) NOT NULL AUTO_INCREMENT, AUTO_INCREMENT=97;
COMMIT;

/*!40101 SET CHARACTER_SET_CLIENT=@OLD_CHARACTER_SET_CLIENT */;
/*!40101 SET CHARACTER_SET_RESULTS=@OLD_CHARACTER_SET_RESULTS */;
/*!40101 SET COLLATION_CONNECTION=@OLD_COLLATION_CONNECTION */;
